,mordred_descriptor,fi_score
0,product_SsssCH,9.132530120481928
1,rdfred_1_SddC,8.975903614457831
2,product_EState_VSA3,8.674698795180722
3,product_SdsCH,7.867469879518072
4,product_SdssC,7.626506024096385
5,rdfred_1_SdsCH,7.397590361445783
6,rdfred_1_StsC,7.216867469879518
7,product_JGI2,7.192771084337349
8,product_JGI3,6.927710843373494
9,product_JGI4,6.759036144578313
10,product_Xch-6dv,6.674698795180723
11,product_ATSC3d,6.602409638554217
12,product_Xch-6d,6.554216867469879
13,product_Xch-5dv,6.493975903614458
14,product_ATSC2dv,6.27710843373494
15,rdfred_1_SdCH2,6.192771084337349
16,product_ATSC3dv,6.192771084337349
17,product_PEOE_VSA7,6.0602409638554215
18,product_ATSC4v,6.048192771084337
19,product_PEOE_VSA8,5.927710843373494
20,product_ATSC4dv,5.891566265060241
21,product_JGI7,5.879518072289157
22,rdfred_1_ATSC4se,5.867469879518072
23,product_Xch-7d,5.795180722891566
24,product_ATSC1dv,5.734939759036145
25,product_ATSC4i,5.686746987951807
26,product_EState_VSA4,5.686746987951807
27,product_ATSC5d,5.674698795180723
28,rdfred_1_ATSC6dv,5.602409638554217
29,product_ATSC4d,5.337349397590361
30,product_ATSC6i,5.313253012048193
31,product_ATSC2d,5.27710843373494
32,product_ATSC7dv,5.27710843373494
33,product_ATSC6v,5.265060240963855
34,product_ATSC6dv,5.228915662650603
35,product_JGI6,5.192771084337349
36,product_JGI5,5.120481927710843
37,product_SssCH2,5.0843373493975905
38,product_ATSC3se,5.072289156626506
39,rdfred_1_PEOE_VSA7,5.048192771084337
40,product_ATSC4se,5.036144578313253
41,rdfred_1_ATSC1dv,4.9879518072289155
42,rdfred_1_ATSC3dv,4.951807228915663
43,rdfred_1_ATSC3d,4.843373493975903
44,rdfred_1_SsssCH,4.831325301204819
45,rdfred_1_ATSC3se,4.795180722891566
46,product_Xch-7dv,4.759036144578313
47,product_ATSC7i,4.734939759036145
48,product_ATSC7pe,4.710843373493976
49,rdfred_1_ATSC4i,4.698795180722891
50,product_BalabanJ,4.686746987951807
51,product_SLogP,4.674698795180723
52,product_ATSC7se,4.662650602409639
53,product_CIC2,4.650602409638554
54,product_VSA_EState9,4.63855421686747
55,product_ATSC4p,4.614457831325301
56,product_Xch-5d,4.614457831325301
57,rdfred_1_ATSC7dv,4.554216867469879
58,product_ATSC6d,4.542168674698795
59,product_ATSC5i,4.530120481927711
60,rdfred_1_ATSC2d,4.518072289156627
61,rdfred_1_ATSC6d,4.518072289156627
62,product_ATSC3v,4.518072289156627
63,rdfred_1_JGI6,4.506024096385542
64,product_ATSC7v,4.481927710843373
65,rdfred_1_JGI7,4.481927710843373
66,rdfred_1_JGI5,4.481927710843373
67,product_ATSC6se,4.469879518072289
68,rdfred_1_CIC2,4.457831325301205
69,product_ATSC5se,4.457831325301205
70,product_ATSC8dv,4.457831325301205
71,product_ATSC8i,4.433734939759036
72,rdfred_1_ATSC2dv,4.409638554216867
73,rdfred_1_EState_VSA8,4.397590361445783
74,product_SdO,4.373493975903615
75,rdfred_1_CIC3,4.349397590361446
76,rdfred_1_BalabanJ,4.337349397590361
77,rdfred_1_ATSC4d,4.325301204819277
78,product_EState_VSA2,4.313253012048193
79,rdfred_1_ATSC4v,4.301204819277109
80,rdfred_1_ATSC8d,4.289156626506024
81,product_ATSC8v,4.216867469879518
82,product_JGI8,4.192771084337349
83,rdfred_1_ATSC2i,4.192771084337349
84,rdfred_1_ATSC5dv,4.180722891566265
85,product_ATSC8se,4.132530120481928
86,product_ATSC6pe,4.120481927710843
87,product_AATS0d,4.120481927710843
88,rdfred_1_ATSC3v,4.120481927710843
89,rdfred_2_Diameter,4.108433734939759
90,product_ATSC7d,4.108433734939759
91,rdfred_1_JGI4,4.096385542168675
92,rdfred_1_ATSC7i,4.0843373493975905
93,product_IC2,4.072289156626506
94,product_ATSC3i,4.0602409638554215
95,rdfred_1_ATSC5d,4.036144578313253
96,product_ATSC2i,4.036144578313253
97,product_ATSC1i,4.024096385542169
98,rdfred_1_ATSC5i,4.024096385542169
99,rdfred_1_SlogP_VSA4,4.0120481927710845
100,rdfred_1_ATSC6v,3.9879518072289155
101,product_FilterItLogS,3.9397590361445785
102,product_ATSC7m,3.9156626506024095
103,rdfred_1_ATSC1se,3.9036144578313254
104,product_SsssN,3.891566265060241
105,rdfred_1_JGI10,3.8795180722891565
106,product_ATSC1d,3.8795180722891565
107,product_ATSC5dv,3.8674698795180724
108,rdfred_1_SssCH2,3.8674698795180724
109,rdfred_1_ATSC4dv,3.8433734939759034
110,product_AATSC0d,3.8313253012048194
111,product_ATSC1se,3.819277108433735
112,rdfred_1_C2SP1,3.8072289156626504
113,product_ATSC7p,3.783132530120482
114,product_ATSC5p,3.783132530120482
115,product_SRW09,3.7590361445783134
116,product_ATSC8d,3.7590361445783134
117,rdfred_1_ATSC8dv,3.7590361445783134
118,rdfred_1_StCH,3.746987951807229
119,product_ATSC3pe,3.7228915662650603
120,product_ATSC3m,3.710843373493976
121,product_ATSC6m,3.710843373493976
122,rdfred_1_ATSC4p,3.6987951807228914
123,rdfred_1_EState_VSA5,3.6506024096385543
124,rdfred_1_ATSC6pe,3.63855421686747
125,rdfred_1_ATSC5p,3.63855421686747
126,rdfred_1_ATSC1p,3.63855421686747
127,rdfred_1_ATSC6i,3.6265060240963853
128,product_ATSC2v,3.602409638554217
129,product_ATSC5are,3.5903614457831323
130,product_JGI10,3.5542168674698793
131,rdfred_1_PEOE_VSA8,3.5542168674698793
132,rdfred_1_ATSC7se,3.5542168674698793
133,product_CIC3,3.5421686746987953
134,rdfred_1_EState_VSA4,3.5421686746987953
135,product_IC1,3.5301204819277108
136,product_PEOE_VSA9,3.5301204819277108
137,product_ATSC1are,3.5180722891566263
138,product_SMR_VSA5,3.5180722891566263
139,rdfred_1_ATSC8se,3.4939759036144578
140,product_CIC1,3.4698795180722892
141,rdfred_1_ATSC2v,3.4578313253012047
142,product_AATSC0p,3.4096385542168677
143,product_ATSC7are,3.4096385542168677
144,product_ATSC3are,3.4096385542168677
145,rdfred_1_ATSC5Z,3.397590361445783
146,rdfred_1_ATSC7v,3.397590361445783
147,rdfred_1_EState_VSA7,3.3855421686746987
148,rdfred_1_ATSC2se,3.3855421686746987
149,rdfred_1_SLogP,3.3734939759036147
150,rdfred_2_MIC0,3.36144578313253
151,product_PEOE_VSA10,3.3493975903614457
152,rdfred_1_EState_VSA6,3.3493975903614457
153,product_ATSC2p,3.3373493975903616
154,product_ATSC5v,3.3132530120481927
155,rdfred_2_CIC2,3.289156626506024
156,rdfred_1_JGI2,3.289156626506024
157,rdfred_1_ATSC1are,3.289156626506024
158,rdfred_1_ATSC3i,3.2771084337349397
159,product_ATSC4m,3.2650602409638556
160,rdfred_1_ATSC5v,3.253012048192771
161,product_SlogP_VSA2,3.2409638554216866
162,rdfred_1_ATSC5se,3.2409638554216866
163,product_ATSC1pe,3.2409638554216866
164,rdfred_1_PEOE_VSA5,3.2289156626506026
165,rdfred_1_ATSC7d,3.2048192771084336
166,product_EState_VSA5,3.2048192771084336
167,rdfred_1_ATSC3m,3.1927710843373496
168,rdfred_2_CIC1,3.1566265060240966
169,rdfred_1_ATSC8p,3.144578313253012
170,product_fMF,3.1204819277108435
171,rdfred_1_EState_VSA3,3.108433734939759
172,product_ATSC3p,3.108433734939759
173,product_JGT10,3.108433734939759
174,rdfred_1_IC1,3.108433734939759
175,product_ATSC6p,3.0963855421686746
176,rdfred_1_ATSC6m,3.0963855421686746
177,rdfred_1_ATSC6se,3.072289156626506
178,rdfred_1_ATSC1pe,3.072289156626506
179,rdfred_1_SdssC,3.072289156626506
180,rdfred_1_AATSC0d,3.0602409638554215
181,product_ATSC8p,3.0602409638554215
182,rdfred_1_JGI3,3.036144578313253
183,product_ATSC8Z,3.0240963855421685
184,product_AATSC0i,3.0120481927710845
185,rdfred_1_ATSC3are,3.0120481927710845
186,rdfred_1_ATSC8are,3.0
187,rdfred_1_ATSC6p,2.9879518072289155
188,rdfred_1_AATSC0i,2.9759036144578315
189,rdfred_1_ATSC8v,2.9156626506024095
190,product_ATSC2Z,2.9156626506024095
191,product_Mi,2.9036144578313254
192,product_MIC1,2.9036144578313254
193,product_JGI1,2.891566265060241
194,product_ATSC1m,2.891566265060241
195,rdfred_1_ATSC7p,2.891566265060241
196,product_ATSC5Z,2.8795180722891565
197,rdfred_1_ATSC8i,2.8795180722891565
198,product_SlogP_VSA5,2.8795180722891565
199,rdfred_1_ATSC1v,2.8795180722891565
200,rdfred_1_ATSC1i,2.8674698795180724
201,rdfred_1_ATSC3p,2.8433734939759034
202,rdfred_2_ATSC5d,2.8433734939759034
203,rdfred_1_CIC4,2.8313253012048194
204,product_IC5,2.8313253012048194
205,rdfred_1_ATSC3pe,2.8313253012048194
206,rdfred_1_ATSC7m,2.8072289156626504
207,product_ZMIC2,2.8072289156626504
208,product_ATSC6are,2.7951807228915664
209,product_JGI9,2.783132530120482
210,rdfred_1_IC2,2.783132530120482
211,rdfred_1_EState_VSA2,2.783132530120482
212,rdfred_1_CIC1,2.746987951807229
213,product_ATSC1p,2.7228915662650603
214,product_IC3,2.7228915662650603
215,rdfred_1_ATSC2p,2.710843373493976
216,product_ATSC8pe,2.710843373493976
217,product_CIC5,2.6987951807228914
218,rdfred_1_AATS0d,2.6987951807228914
219,product_AATS0dv,2.6987951807228914
220,product_PEOE_VSA6,2.6867469879518073
221,rdfred_1_PEOE_VSA6,2.674698795180723
222,rdfred_1_ATSC7are,2.674698795180723
223,product_ATSC4pe,2.6626506024096384
224,rdfred_2_ATSC2dv,2.6506024096385543
225,product_EState_VSA7,2.6506024096385543
226,product_SssO,2.6506024096385543
227,product_CIC4,2.6506024096385543
228,rdfred_2_PEOE_VSA6,2.63855421686747
229,rdfred_1_ATSC5are,2.63855421686747
230,product_ATSC1v,2.63855421686747
231,rdfred_1_EState_VSA9,2.602409638554217
232,rdfred_2_ATSC5i,2.5903614457831323
233,rdfred_1_ATSC1m,2.5903614457831323
234,product_ATSC2se,2.5903614457831323
235,rdfred_1_Mi,2.5783132530120483
236,rdfred_1_fMF,2.5783132530120483
237,rdfred_1_PEOE_VSA9,2.5421686746987953
238,rdfred_2_ATSC3d,2.5180722891566263
239,rdfred_2_ATSC3dv,2.5060240963855422
240,rdfred_1_FCSP3,2.4939759036144578
241,product_ATS1dv,2.4578313253012047
242,rdfred_1_ATSC4pe,2.4578313253012047
243,rdfred_1_ATSC8pe,2.4457831325301207
244,rdfred_1_CIC5,2.4457831325301207
245,rdfred_1_ATSC4m,2.433734939759036
246,rdfred_1_AATSC0p,2.433734939759036
247,product_ATSC8are,2.4096385542168677
248,rdfred_1_PEOE_VSA10,2.4096385542168677
249,rdfred_2_ATSC3se,2.3734939759036147
250,product_IC0,2.3734939759036147
251,product_ATSC5pe,2.36144578313253
252,product_SlogP_VSA4,2.36144578313253
253,rdfred_1_JGI1,2.3493975903614457
254,product_EState_VSA6,2.3373493975903616
255,rdfred_2_ATSC1dv,2.3373493975903616
256,product_ATSC4are,2.3132530120481927
257,product_piPC10,2.3132530120481927
258,rdfred_1_ATSC8Z,2.289156626506024
259,product_FCSP3,2.2771084337349397
260,rdfred_2_ATSC5v,2.2771084337349397
261,rdfred_2_ATSC4dv,2.2650602409638556
262,rdfred_1_ATSC7pe,2.253012048192771
263,rdfred_1_FilterItLogS,2.253012048192771
264,rdfred_2_BalabanJ,2.253012048192771
265,product_MIC2,2.253012048192771
266,product_Mv,2.253012048192771
267,rdfred_1_SlogP_VSA6,2.253012048192771
268,rdfred_1_SlogP_VSA5,2.2409638554216866
269,rdfred_2_Xch-7dv,2.2409638554216866
270,rdfred_1_JGI8,2.2409638554216866
271,rdfred_1_ATSC4are,2.2289156626506026
272,product_SaasC,2.216867469879518
273,rdfred_2_ATSC1are,2.2048192771084336
274,rdfred_1_SMR_VSA6,2.1927710843373496
275,product_MIC0,2.1927710843373496
276,rdfred_1_TSRW10,2.180722891566265
277,rdfred_2_ATSC5dv,2.1686746987951806
278,rdfred_1_MIC2,2.1686746987951806
279,rdfred_1_SlogP_VSA2,2.1686746987951806
280,product_ZMIC5,2.1686746987951806
281,product_AATSC0Z,2.1566265060240966
282,product_SsCH3,2.1566265060240966
283,rdfred_1_ATSC2Z,2.144578313253012
284,product_AATS0Z,2.144578313253012
285,rdfred_1_ATSC2are,2.144578313253012
286,rdfred_1_IC5,2.1204819277108435
287,product_ZMIC3,2.108433734939759
288,rdfred_1_Xch-7dv,2.0963855421686746
289,rdfred_1_MIC1,2.0843373493975905
290,rdfred_2_ATSC4v,2.0843373493975905
291,rdfred_1_Mp,2.0843373493975905
292,product_AATS0p,2.072289156626506
293,product_Xc-5d,2.072289156626506
294,product_SssssC,2.072289156626506
295,product_Xc-5dv,2.0602409638554215
296,product_GGI4,2.0602409638554215
297,rdfred_2_ATSC4i,2.0481927710843375
298,product_ATSC2are,2.0481927710843375
299,rdfred_1_AATS0dv,2.036144578313253
300,rdfred_1_AATSC0v,2.036144578313253
301,rdfred_2_ATSC2pe,2.036144578313253
302,product_SlogP_VSA6,2.036144578313253
303,rdfred_2_SddC,2.0240963855421685
304,product_ATSC4Z,2.0120481927710845
305,rdfred_2_EState_VSA5,2.0120481927710845
306,rdfred_2_ATSC2d,2.0120481927710845
307,rdfred_1_ATSC1d,2.0
308,rdfred_2_ZMIC2,2.0
309,product_Mp,2.0
310,product_ATSC6Z,2.0
311,rdfred_1_AATS0v,2.0
312,rdfred_1_SlogP_VSA8,1.9879518072289157
313,rdfred_2_SaasC,1.9879518072289157
314,rdfred_1_VSA_EState9,1.9759036144578312
315,product_ATSC0se,1.9759036144578312
316,product_ZMIC1,1.963855421686747
317,product_C3SP2,1.963855421686747
318,rdfred_2_ATSC6i,1.963855421686747
319,product_CIC0,1.963855421686747
320,rdfred_1_ZMIC2,1.9518072289156627
321,rdfred_1_Mv,1.9518072289156627
322,rdfred_1_JGI9,1.9397590361445782
323,product_AATSC0dv,1.9397590361445782
324,rdfred_2_ATSC1pe,1.927710843373494
325,rdfred_2_SdCH2,1.9156626506024097
326,rdfred_1_ATSC5pe,1.9036144578313252
327,rdfred_1_IC0,1.891566265060241
328,rdfred_1_ATSC2pe,1.891566265060241
329,rdfred_1_AATS0p,1.8795180722891567
330,rdfred_1_MIC0,1.8795180722891567
331,rdfred_2_AATS0d,1.8674698795180722
332,rdfred_1_AATSC0Z,1.8674698795180722
333,product_GGI3,1.8674698795180722
334,rdfred_1_SMR_VSA5,1.855421686746988
335,product_AATS0v,1.855421686746988
336,product_Xpc-6dv,1.8433734939759037
337,rdfred_2_ATSC3v,1.8433734939759037
338,rdfred_1_ATSC6Z,1.819277108433735
339,product_C1SP2,1.819277108433735
340,rdfred_1_ATSC6are,1.819277108433735
341,rdfred_1_ATSC3Z,1.8072289156626506
342,rdfred_2_ATSC7dv,1.7951807228915662
343,rdfred_2_ATSC1m,1.7951807228915662
344,rdfred_2_SLogP,1.783132530120482
345,product_MIC5,1.7710843373493976
346,product_Xp-7dv,1.7590361445783131
347,rdfred_2_SlogP_VSA5,1.7590361445783131
348,product_EState_VSA8,1.7590361445783131
349,product_Xc-3dv,1.7469879518072289
350,rdfred_2_JGI5,1.7349397590361446
351,product_ATSC7Z,1.7349397590361446
352,rdfred_1_SsCH3,1.7349397590361446
353,product_ATSC3Z,1.7228915662650603
354,rdfred_2_StsC,1.7108433734939759
355,product_ATSC0m,1.6987951807228916
356,product_ATS3i,1.6987951807228916
357,rdfred_2_Xch-7d,1.6987951807228916
358,rdfred_2_Mi,1.6987951807228916
359,rdfred_1_TopoPSA,1.6867469879518073
360,rdfred_1_JGT10,1.6746987951807228
361,product_SMR_VSA4,1.6626506024096386
362,rdfred_2_ATSC4se,1.6626506024096386
363,product_ATSC0dv,1.6506024096385543
364,product_ATSC1Z,1.6506024096385543
365,product_AATS0i,1.6506024096385543
366,rdfred_2_ATSC7v,1.6506024096385543
367,rdfred_2_AATSC0i,1.6385542168674698
368,product_IC4,1.6385542168674698
369,product_PEOE_VSA11,1.6385542168674698
370,rdfred_1_C1SP2,1.6265060240963856
371,rdfred_2_SdsCH,1.6265060240963856
372,product_ATS5i,1.6265060240963856
373,rdfred_1_Mm,1.6265060240963856
374,rdfred_2_ATSC3pe,1.6265060240963856
375,product_NdssC,1.6265060240963856
376,product_MIC3,1.6144578313253013
377,rdfred_2_ATSC1se,1.6144578313253013
378,rdfred_2_ATSC7p,1.6144578313253013
379,rdfred_1_SaaCH,1.6024096385542168
380,rdfred_2_ATSC3are,1.6024096385542168
381,product_AATSC0v,1.6024096385542168
382,rdfred_2_EState_VSA4,1.5903614457831325
383,rdfred_1_AATS0Z,1.5903614457831325
384,rdfred_1_SaasC,1.5903614457831325
385,rdfred_1_MIC5,1.5783132530120483
386,product_ATSC2m,1.5662650602409638
387,rdfred_2_JGI3,1.5662650602409638
388,rdfred_2_CIC3,1.5662650602409638
389,rdfred_1_IC3,1.5662650602409638
390,rdfred_2_ZMIC4,1.5662650602409638
391,rdfred_2_EState_VSA8,1.5662650602409638
392,rdfred_1_SdO,1.5542168674698795
393,product_ATSC2pe,1.5421686746987953
394,product_piPC8,1.5421686746987953
395,rdfred_1_SssO,1.5421686746987953
396,rdfred_2_ATSC3i,1.5421686746987953
397,rdfred_2_PEOE_VSA7,1.5301204819277108
398,product_ATS5dv,1.5301204819277108
399,rdfred_2_SlogP_VSA4,1.5301204819277108
400,rdfred_1_ATSC7Z,1.5301204819277108
401,rdfred_2_ATSC5p,1.5301204819277108
402,rdfred_2_ATSC3m,1.5301204819277108
403,product_Xp-4dv,1.5180722891566265
404,rdfred_2_SMR_VSA5,1.5180722891566265
405,product_SMR_VSA6,1.5180722891566265
406,product_PEOE_VSA2,1.5060240963855422
407,rdfred_1_AATS0i,1.4939759036144578
408,rdfred_1_Xch-6dv,1.4939759036144578
409,rdfred_2_SlogP_VSA6,1.4939759036144578
410,product_ATS6i,1.4939759036144578
411,rdfred_2_ATSC3p,1.4819277108433735
412,rdfred_2_ATSC4d,1.4819277108433735
413,product_Mm,1.4819277108433735
414,rdfred_2_fMF,1.4819277108433735
415,rdfred_2_NdssC,1.4698795180722892
416,product_Xc-3d,1.4698795180722892
417,rdfred_1_ATSC5m,1.4698795180722892
418,rdfred_2_ATSC1i,1.4578313253012047
419,rdfred_2_SssCH2,1.4457831325301205
420,product_AATSC0pe,1.4337349397590362
421,product_SaaCH,1.4337349397590362
422,rdfred_2_ATSC5Z,1.4337349397590362
423,rdfred_2_JGI7,1.4337349397590362
424,rdfred_2_JGI2,1.4337349397590362
425,rdfred_2_ATSC4p,1.4337349397590362
426,product_ZMIC4,1.4216867469879517
427,product_C2SP3,1.4216867469879517
428,product_NssCH2,1.4216867469879517
429,rdfred_1_AATSC0dv,1.4096385542168675
430,rdfred_1_Xch-7d,1.3975903614457832
431,rdfred_2_ATSC5se,1.3975903614457832
432,rdfred_1_SsssN,1.3975903614457832
433,rdfred_2_CIC4,1.3855421686746987
434,product_AATS0se,1.3734939759036144
435,rdfred_2_ATSC5pe,1.3614457831325302
436,product_n8FHRing,1.3614457831325302
437,product_SlogP_VSA1,1.3493975903614457
438,product_n8FARing,1.3373493975903614
439,product_ATSC5m,1.3373493975903614
440,rdfred_2_EState_VSA7,1.3373493975903614
441,product_ATS6dv,1.3373493975903614
442,product_SdCH2,1.3373493975903614
443,product_TopoPSA,1.3253012048192772
444,rdfred_2_SdssC,1.3253012048192772
445,product_PEOE_VSA1,1.3132530120481927
446,rdfred_2_AATSC0p,1.3132530120481927
447,rdfred_1_SMR_VSA7,1.3012048192771084
448,rdfred_1_piPC5,1.3012048192771084
449,rdfred_1_SdsN,1.3012048192771084
450,rdfred_2_Mp,1.3012048192771084
451,product_piPC9,1.2891566265060241
452,rdfred_2_ATSC6p,1.2891566265060241
453,rdfred_2_ATSC1d,1.2771084337349397
454,rdfred_1_AATSC0pe,1.2771084337349397
455,product_C3SP3,1.2771084337349397
456,rdfred_2_IC1,1.2650602409638554
457,product_MPC5,1.2650602409638554
458,rdfred_2_ATSC1p,1.2650602409638554
459,product_bpol,1.2650602409638554
460,rdfred_1_SMR_VSA9,1.2650602409638554
461,rdfred_2_ATSC2v,1.2530120481927711
462,product_ATSC8m,1.2530120481927711
463,product_SlogP_VSA3,1.2530120481927711
464,product_GGI5,1.2409638554216869
465,rdfred_2_EState_VSA9,1.2409638554216869
466,rdfred_2_FilterItLogS,1.2289156626506024
467,rdfred_2_ATSC7m,1.2289156626506024
468,rdfred_1_SssssC,1.216867469879518
469,product_NsssCH,1.216867469879518
470,rdfred_2_FCSP3,1.216867469879518
471,rdfred_2_ATSC2i,1.216867469879518
472,product_ATS2dv,1.2048192771084338
473,rdfred_2_ATSC2p,1.2048192771084338
474,rdfred_2_MIC1,1.2048192771084338
475,product_Xpc-5dv,1.2048192771084338
476,rdfred_2_ATSC2are,1.2048192771084338
477,product_MPC10,1.1927710843373494
478,rdfred_1_piPC7,1.1927710843373494
479,product_C1SP3,1.180722891566265
480,rdfred_2_Mm,1.180722891566265
481,product_GGI7,1.180722891566265
482,rdfred_1_Xc-3d,1.180722891566265
483,product_piPC5,1.180722891566265
484,product_Xpc-4dv,1.180722891566265
485,rdfred_2_AATS0dv,1.180722891566265
486,rdfred_1_SMR_VSA4,1.180722891566265
487,rdfred_2_JGI4,1.180722891566265
488,rdfred_1_ATSC0se,1.180722891566265
489,product_Xpc-6d,1.1686746987951808
490,product_ATSC0pe,1.1686746987951808
491,product_Xp-7d,1.1686746987951808
492,rdfred_2_VSA_EState9,1.1566265060240963
493,rdfred_2_AATSC0v,1.1566265060240963
494,rdfred_2_AATS0Z,1.1566265060240963
495,product_ATSC0i,1.144578313253012
496,rdfred_2_ATSC0se,1.144578313253012
497,rdfred_1_ATSC4Z,1.144578313253012
498,rdfred_2_ATSC2Z,1.144578313253012
499,product_NdsCH,1.144578313253012
500,rdfred_2_ATSC2se,1.1325301204819278
501,rdfred_1_ZMIC3,1.1325301204819278
502,rdfred_1_CIC0,1.1204819277108433
503,rdfred_2_SsssCH,1.1204819277108433
504,product_piPC4,1.1204819277108433
505,rdfred_1_TopoPSA(NO),1.1204819277108433
506,product_ATSC0are,1.1204819277108433
507,product_ATS0dv,1.1204819277108433
508,rdfred_2_AATS0p,1.1204819277108433
509,rdfred_2_ATSC6d,1.1204819277108433
510,product_fragCpx,1.108433734939759
511,rdfred_2_AATSC0Z,1.108433734939759
512,product_MPC8,1.108433734939759
513,rdfred_2_StCH,1.0963855421686748
514,product_MWC10,1.0963855421686748
515,product_VSA_EState8,1.0963855421686748
516,rdfred_1_ATS1dv,1.0963855421686748
517,product_TSRW10,1.0843373493975903
518,rdfred_2_ATSC7i,1.0843373493975903
519,product_Xpc-5d,1.0843373493975903
520,rdfred_2_JGI6,1.0843373493975903
521,product_Xp-2dv,1.0843373493975903
522,rdfred_2_ATSC7are,1.0843373493975903
523,rdfred_2_AATS0v,1.072289156626506
524,product_GGI9,1.072289156626506
525,rdfred_2_ATSC7d,1.072289156626506
526,product_n6HRing,1.072289156626506
527,product_Mpe,1.0602409638554218
528,rdfred_2_ATSC7se,1.0602409638554218
529,rdfred_1_ATSC0pe,1.0602409638554218
530,rdfred_2_AATSC0d,1.0602409638554218
531,product_ATS7dv,1.0481927710843373
532,rdfred_2_ATSC1v,1.0481927710843373
533,product_piPC7,1.0481927710843373
534,product_MPC7,1.0481927710843373
535,product_Xp-6dv,1.036144578313253
536,rdfred_1_nBondsD,1.036144578313253
537,product_BertzCT,1.036144578313253
538,product_EState_VSA9,1.036144578313253
539,product_ATS5Z,1.0240963855421688
540,product_Xp-3dv,1.0240963855421688
541,product_piPC6,1.0240963855421688
542,rdfred_2_ATSC6dv,1.0240963855421688
543,rdfred_2_PEOE_VSA8,1.0240963855421688
544,product_AATS0m,1.0240963855421688
545,rdfred_2_ATSC8dv,1.0120481927710843
546,rdfred_1_NssCH2,1.0120481927710843
547,product_ATS4i,1.0
548,product_TpiPC10,1.0
549,rdfred_1_Mpe,0.9879518072289156
550,rdfred_1_ZMIC4,0.9879518072289156
551,rdfred_1_ATSC1Z,0.9879518072289156
552,rdfred_1_Diameter,0.9879518072289156
553,product_ATS3dv,0.9879518072289156
554,rdfred_1_piPC6,0.9879518072289156
555,rdfred_2_IC0,0.9879518072289156
556,rdfred_1_Xp-7dv,0.9879518072289156
557,product_Xp-5d,0.9879518072289156
558,rdfred_2_ATSC6v,0.9759036144578314
559,product_AATSC0se,0.9759036144578314
560,rdfred_2_JGI1,0.9759036144578314
561,rdfred_2_MIC5,0.963855421686747
562,rdfred_1_C2SP3,0.963855421686747
563,rdfred_1_Xc-3dv,0.9518072289156626
564,rdfred_1_SlogP_VSA3,0.9518072289156626
565,product_ATSC0d,0.9518072289156626
566,rdfred_2_JGT10,0.9518072289156626
567,product_ATS4dv,0.9518072289156626
568,product_MZ,0.9397590361445783
569,product_SlogP_VSA10,0.9397590361445783
570,product_Xp-5dv,0.9397590361445783
571,product_SRW07,0.9397590361445783
572,rdfred_2_SsCH3,0.9397590361445783
573,rdfred_2_ATSC6pe,0.927710843373494
574,rdfred_1_IC4,0.927710843373494
575,product_AATSC0m,0.927710843373494
576,rdfred_1_AATS0se,0.927710843373494
577,product_piPC3,0.927710843373494
578,rdfred_1_ZMIC1,0.9156626506024096
579,product_ATS4p,0.9156626506024096
580,rdfred_2_ATSC4pe,0.9156626506024096
581,rdfred_2_EState_VSA3,0.9156626506024096
582,product_GGI10,0.9156626506024096
583,rdfred_1_ATS4dv,0.9156626506024096
584,product_nBondsS,0.9036144578313253
585,product_MPC9,0.9036144578313253
586,rdfred_1_Xp-4dv,0.9036144578313253
587,product_MIC4,0.9036144578313253
588,rdfred_2_SssO,0.891566265060241
589,rdfred_1_ATS8dv,0.891566265060241
590,rdfred_2_bpol,0.891566265060241
591,product_ATS8i,0.891566265060241
592,product_ATS8dv,0.8795180722891566
593,rdfred_1_C1SP3,0.8795180722891566
594,rdfred_1_piPC8,0.8674698795180723
595,product_GGI6,0.8674698795180723
596,product_ATS3se,0.8674698795180723
597,rdfred_1_Xp-5dv,0.8674698795180723
598,rdfred_1_NdssC,0.8674698795180723
599,product_TopoPSA(NO),0.8674698795180723
600,rdfred_2_ATSC8p,0.8674698795180723
601,rdfred_1_Xp-6dv,0.8674698795180723
602,rdfred_2_ATSC5are,0.8674698795180723
603,rdfred_2_PEOE_VSA9,0.8674698795180723
604,rdfred_1_ECIndex,0.8554216867469879
605,rdfred_2_IC5,0.8554216867469879
606,rdfred_1_nRot,0.8554216867469879
607,product_ATS5pe,0.8554216867469879
608,product_TIC0,0.8554216867469879
609,rdfred_2_NdsCH,0.8554216867469879
610,product_SMR_VSA1,0.8554216867469879
611,rdfred_1_GGI4,0.8554216867469879
612,rdfred_1_ATSC2m,0.8554216867469879
613,rdfred_2_SdO,0.8554216867469879
614,rdfred_2_EState_VSA2,0.8554216867469879
615,product_nBondsD,0.8433734939759037
616,rdfred_2_IC2,0.8433734939759037
617,product_TIC2,0.8433734939759037
618,product_EState_VSA1,0.8433734939759037
619,product_TIC1,0.8433734939759037
620,product_ATS5m,0.8433734939759037
621,rdfred_2_ATSC6se,0.8313253012048193
622,rdfred_1_Xpc-4dv,0.8313253012048193
623,rdfred_2_ATSC6m,0.8192771084337349
624,rdfred_2_nRot,0.8192771084337349
625,rdfred_1_piPC3,0.8072289156626506
626,rdfred_2_IC3,0.8072289156626506
627,product_SsOH,0.7951807228915663
628,rdfred_1_ATS5i,0.7951807228915663
629,rdfred_1_AATSC0m,0.7951807228915663
630,product_Xc-6d,0.7951807228915663
631,rdfred_1_Xch-6d,0.7951807228915663
632,rdfred_1_PEOE_VSA1,0.7951807228915663
633,rdfred_1_piPC4,0.7951807228915663
634,rdfred_2_ATSC6are,0.7831325301204819
635,rdfred_2_ZMIC1,0.7831325301204819
636,product_SddssS,0.7831325301204819
637,rdfred_1_SMR_VSA1,0.7831325301204819
638,product_Xpc-4d,0.7831325301204819
639,rdfred_2_C1SP2,0.7831325301204819
640,rdfred_1_MIC3,0.7710843373493976
641,rdfred_1_ATSC8m,0.7710843373493976
642,product_SRW10,0.7710843373493976
643,rdfred_2_SMR_VSA9,0.7710843373493976
644,rdfred_1_ATS0dv,0.7590361445783133
645,product_Xp-6d,0.7590361445783133
646,rdfred_1_PEOE_VSA11,0.7590361445783133
647,rdfred_1_VSA_EState8,0.7590361445783133
648,product_ATSC0p,0.7590361445783133
649,product_MPC4,0.7469879518072289
650,rdfred_2_ATSC4m,0.7469879518072289
651,rdfred_2_ATSC0dv,0.7469879518072289
652,product_MWC08,0.7469879518072289
653,product_SMR_VSA9,0.7469879518072289
654,rdfred_1_TpiPC10,0.7469879518072289
655,rdfred_1_Xpc-6dv,0.7469879518072289
656,rdfred_2_CIC0,0.7349397590361446
657,rdfred_2_CIC5,0.7349397590361446
658,rdfred_1_EState_VSA1,0.7349397590361446
659,rdfred_2_Mv,0.7349397590361446
660,product_AATSC0are,0.7349397590361446
661,product_Xp-4d,0.7349397590361446
662,rdfred_1_C3SP2,0.7228915662650602
663,product_nRot,0.7228915662650602
664,rdfred_1_ATS7dv,0.7228915662650602
665,rdfred_1_Xch-5dv,0.7228915662650602
666,rdfred_1_Xpc-5d,0.7108433734939759
667,rdfred_1_fragCpx,0.7108433734939759
668,product_ATS0Z,0.7108433734939759
669,product_PEOE_VSA12,0.7108433734939759
670,product_GGI1,0.7108433734939759
671,rdfred_1_NsssCH,0.7108433734939759
672,rdfred_1_Xpc-6d,0.6987951807228916
673,rdfred_1_ATS5dv,0.6987951807228916
674,rdfred_2_Xc-3dv,0.6987951807228916
675,rdfred_2_ATSC0pe,0.6987951807228916
676,product_n9FAHRing,0.6987951807228916
677,rdfred_1_ATSC0dv,0.6987951807228916
678,rdfred_1_GGI3,0.6987951807228916
679,product_Xc-4dv,0.6987951807228916
680,rdfred_1_AATSC0se,0.6987951807228916
681,product_SMR_VSA7,0.6987951807228916
682,product_n5Ring,0.6867469879518072
683,product_GGI8,0.6867469879518072
684,rdfred_1_nBondsS,0.6867469879518072
685,rdfred_1_ATS2dv,0.6867469879518072
686,rdfred_2_AATSC0dv,0.6746987951807228
687,rdfred_1_ZMIC5,0.6746987951807228
688,rdfred_1_ATSC0i,0.6746987951807228
689,rdfred_2_AATS0i,0.6746987951807228
690,rdfred_1_ATS6dv,0.6746987951807228
691,product_EState_VSA10,0.6746987951807228
692,rdfred_2_ATSC4are,0.6626506024096386
693,rdfred_1_Xpc-4d,0.6626506024096386
694,product_AATS0pe,0.6626506024096386
695,product_SMR,0.6626506024096386
696,rdfred_2_ATSC1Z,0.6506024096385542
697,rdfred_2_Xpc-4dv,0.6506024096385542
698,product_ATSC0Z,0.6506024096385542
699,product_TIC3,0.6506024096385542
700,rdfred_2_piPC3,0.6506024096385542
701,product_SdssS,0.6506024096385542
702,product_MPC6,0.6506024096385542
703,rdfred_1_C3SP3,0.6506024096385542
704,rdfred_2_ATSC8d,0.6385542168674698
705,product_ATS2d,0.6385542168674698
706,rdfred_1_MZ,0.6385542168674698
707,product_ATS8m,0.6385542168674698
708,product_ATS3p,0.6385542168674698
709,rdfred_2_ATS3i,0.6385542168674698
710,rdfred_2_ATSC0m,0.6385542168674698
711,rdfred_1_NdsCH,0.6385542168674698
712,rdfred_1_TIC5,0.6265060240963856
713,rdfred_2_TopoPSA,0.6265060240963856
714,rdfred_1_piPC9,0.6265060240963856
715,product_nFAHRing,0.6265060240963856
716,rdfred_1_piPC10,0.6265060240963856
717,rdfred_2_ATS2dv,0.6265060240963856
718,rdfred_1_Xpc-5dv,0.6144578313253012
719,product_ATS2i,0.6144578313253012
720,rdfred_2_ATSC8pe,0.6144578313253012
721,rdfred_2_TSRW10,0.6144578313253012
722,rdfred_2_SMR_VSA6,0.6144578313253012
723,rdfred_1_PEOE_VSA12,0.6144578313253012
724,rdfred_2_PEOE_VSA5,0.6144578313253012
725,rdfred_2_MIC2,0.6144578313253012
726,rdfred_1_Xp-7d,0.6024096385542169
727,rdfred_2_SaaCH,0.6024096385542169
728,rdfred_1_Xp-2dv,0.6024096385542169
729,rdfred_1_ATS6i,0.6024096385542169
730,product_TIC5,0.5903614457831325
731,rdfred_1_Xc-5dv,0.5903614457831325
732,rdfred_1_Xp-6d,0.5903614457831325
733,product_Xp-2d,0.5903614457831325
734,rdfred_1_ATS3dv,0.5903614457831325
735,product_ATS7p,0.5783132530120482
736,product_nSpiro,0.5783132530120482
737,rdfred_2_ATSC8Z,0.5783132530120482
738,rdfred_2_Xch-6dv,0.5783132530120482
739,product_Xc-4d,0.5783132530120482
740,product_ECIndex,0.5783132530120482
741,rdfred_1_GGI9,0.5783132530120482
742,rdfred_2_C3SP2,0.5662650602409639
743,rdfred_2_ATSC0p,0.5662650602409639
744,rdfred_1_Mare,0.5662650602409639
745,product_ATS6Z,0.5662650602409639
746,product_SlogP_VSA8,0.5662650602409639
747,rdfred_2_C2SP2,0.5662650602409639
748,product_n6Ring,0.5662650602409639
749,product_Mse,0.5542168674698795
750,product_ATS3m,0.5542168674698795
751,product_ATS4pe,0.5542168674698795
752,rdfred_1_PEOE_VSA2,0.5542168674698795
753,rdfred_2_ATSC8i,0.5542168674698795
754,product_n6ARing,0.5542168674698795
755,product_AATS0are,0.5542168674698795
756,rdfred_1_Xp-5d,0.5421686746987951
757,rdfred_1_AATSC0are,0.5421686746987951
758,rdfred_1_PEOE_VSA13,0.5421686746987951
759,product_ATS7i,0.5421686746987951
760,rdfred_1_GGI5,0.5301204819277109
761,product_Diameter,0.5301204819277109
762,rdfred_1_SMR_VSA3,0.5301204819277109
763,rdfred_1_ATSC0m,0.5301204819277109
764,rdfred_2_SlogP_VSA3,0.5301204819277109
765,product_SMR_VSA3,0.5301204819277109
766,rdfred_2_ZMIC3,0.5301204819277109
767,product_Xp-3d,0.5301204819277109
768,rdfred_2_ATSC8se,0.5301204819277109
769,product_ATS3d,0.5301204819277109
770,product_ATS4m,0.5180722891566265
771,rdfred_1_MIC4,0.5180722891566265
772,rdfred_2_PEOE_VSA11,0.5180722891566265
773,rdfred_1_PEOE_VSA3,0.5180722891566265
774,rdfred_1_ATS3i,0.5180722891566265
775,product_Mare,0.5180722891566265
776,rdfred_2_SlogP_VSA2,0.5180722891566265
777,rdfred_1_bpol,0.5060240963855421
778,rdfred_2_fragCpx,0.5060240963855421
779,rdfred_2_Xc-3d,0.5060240963855421
780,rdfred_1_ATS7p,0.5060240963855421
781,rdfred_2_nBondsS,0.5060240963855421
782,product_Xch-4dv,0.4939759036144578
783,rdfred_2_ATSC4Z,0.4939759036144578
784,product_PEOE_VSA3,0.4939759036144578
785,rdfred_2_ATSC7pe,0.4939759036144578
786,rdfred_1_nBondsKD,0.4939759036144578
787,product_n7ARing,0.4939759036144578
788,rdfred_2_AATS0se,0.4939759036144578
789,rdfred_1_SlogP_VSA1,0.4819277108433735
790,product_C2SP2,0.4819277108433735
791,product_ATS6p,0.4819277108433735
792,product_ABCGG,0.46987951807228917
793,rdfred_2_EState_VSA6,0.46987951807228917
794,product_ATS8se,0.46987951807228917
795,rdfred_1_EState_VSA10,0.46987951807228917
796,product_mZagreb2,0.4578313253012048
797,rdfred_1_ATS4i,0.4578313253012048
798,product_MWC09,0.4578313253012048
799,product_ATS8Z,0.4578313253012048
800,rdfred_1_Xch-5d,0.4578313253012048
801,rdfred_1_TIC0,0.4578313253012048
802,product_ATS2p,0.4578313253012048
803,rdfred_1_Xp-3dv,0.4578313253012048
804,product_nG12FARing,0.4578313253012048
805,rdfred_1_ATS7i,0.4457831325301205
806,product_GGI2,0.4457831325301205
807,product_nHRing,0.4457831325301205
808,rdfred_2_Xp-2dv,0.4457831325301205
809,product_Xc-6dv,0.4457831325301205
810,product_ATS7d,0.4457831325301205
811,rdfred_2_Xc-5dv,0.4457831325301205
812,rdfred_1_MPC4,0.4457831325301205
813,rdfred_2_ATSC5m,0.43373493975903615
814,rdfred_1_ATS0i,0.43373493975903615
815,product_ATS5v,0.43373493975903615
816,rdfred_1_AATS0are,0.43373493975903615
817,product_nG12FAHRing,0.43373493975903615
818,product_nH,0.43373493975903615
819,rdfred_1_SRW07,0.43373493975903615
820,product_ATS0p,0.43373493975903615
821,product_nHBDon,0.43373493975903615
822,rdfred_1_BertzCT,0.42168674698795183
823,rdfred_2_ATS3se,0.42168674698795183
824,rdfred_1_GGI6,0.42168674698795183
825,product_PEOE_VSA13,0.42168674698795183
826,rdfred_1_C1SP1,0.42168674698795183
827,rdfred_2_Xch-6d,0.42168674698795183
828,rdfred_2_GGI3,0.40963855421686746
829,rdfred_2_ATSC7Z,0.40963855421686746
830,product_ATS2Z,0.40963855421686746
831,rdfred_2_PEOE_VSA10,0.40963855421686746
832,product_ATSC0v,0.40963855421686746
833,product_SaaN,0.40963855421686746
834,product_SsCl,0.40963855421686746
835,rdfred_1_ATSC0are,0.40963855421686746
836,product_Xp-1dv,0.40963855421686746
837,product_n5ARing,0.40963855421686746
838,product_SRW08,0.40963855421686746
839,product_SRW06,0.40963855421686746
840,rdfred_2_MIC3,0.39759036144578314
841,rdfred_1_C2SP2,0.39759036144578314
842,rdfred_1_ATSC0v,0.39759036144578314
843,product_ATS6m,0.39759036144578314
844,rdfred_1_PEOE_VSA4,0.39759036144578314
845,product_ATS0pe,0.39759036144578314
846,rdfred_2_ATS4p,0.39759036144578314
847,product_ATS6pe,0.39759036144578314
848,rdfred_1_GGI10,0.39759036144578314
849,product_ATS6d,0.3855421686746988
850,rdfred_1_SRW09,0.3855421686746988
851,rdfred_1_ATS8i,0.3855421686746988
852,rdfred_2_ATS2se,0.3855421686746988
853,product_TMPC10,0.3855421686746988
854,product_n5AHRing,0.3855421686746988
855,product_NaasC,0.3855421686746988
856,rdfred_1_Xp-4d,0.3855421686746988
857,rdfred_2_piPC6,0.37349397590361444
858,rdfred_2_JGI9,0.37349397590361444
859,product_ATS7m,0.37349397590361444
860,rdfred_2_ZMIC5,0.37349397590361444
861,rdfred_1_MPC5,0.37349397590361444
862,rdfred_1_ATSC0p,0.37349397590361444
863,rdfred_1_AATS0pe,0.37349397590361444
864,product_ATS8d,0.37349397590361444
865,rdfred_1_Xc-5d,0.37349397590361444
866,product_ATS5p,0.37349397590361444
867,rdfred_1_MPC9,0.3614457831325301
868,rdfred_1_NtsC,0.3614457831325301
869,product_nFARing,0.3614457831325301
870,rdfred_1_ATS6m,0.3614457831325301
871,rdfred_1_MWC08,0.3614457831325301
872,product_ATS7Z,0.3614457831325301
873,rdfred_1_ATS8Z,0.3614457831325301
874,rdfred_1_MWC10,0.3614457831325301
875,product_ATS8p,0.3614457831325301
876,rdfred_2_piPC4,0.3614457831325301
877,rdfred_1_ATS3m,0.3614457831325301
878,rdfred_1_ATS7are,0.3614457831325301
879,rdfred_1_ATS0Z,0.3493975903614458
880,product_ATS2m,0.3493975903614458
881,rdfred_2_Xpc-4d,0.3493975903614458
882,rdfred_2_ATS3dv,0.3493975903614458
883,rdfred_2_Xp-4dv,0.3493975903614458
884,rdfred_1_MPC7,0.3493975903614458
885,rdfred_2_C1SP3,0.3493975903614458
886,product_ATS6v,0.3493975903614458
887,rdfred_2_Xp-7dv,0.3493975903614458
888,rdfred_2_n10FaRing,0.3493975903614458
889,product_ATS4d,0.3493975903614458
890,product_ATS2se,0.3493975903614458
891,rdfred_2_Xpc-5dv,0.3493975903614458
892,product_ATS3are,0.3493975903614458
893,rdfred_2_SMR_VSA1,0.3373493975903614
894,product_n6AHRing,0.3373493975903614
895,rdfred_2_ATSC8v,0.3373493975903614
896,rdfred_1_ATS6pe,0.3373493975903614
897,rdfred_1_SRW10,0.3373493975903614
898,product_nBondsKS,0.3373493975903614
899,rdfred_1_ATS8m,0.3373493975903614
900,rdfred_2_MPC4,0.3373493975903614
901,rdfred_2_ATSC2m,0.3373493975903614
902,rdfred_1_Mse,0.3253012048192771
903,rdfred_2_ATSC0v,0.3253012048192771
904,rdfred_2_TIC0,0.3253012048192771
905,product_piPC2,0.3253012048192771
906,rdfred_2_AATSC0se,0.3253012048192771
907,product_nBondsKD,0.3253012048192771
908,rdfred_2_Xch-5d,0.3253012048192771
909,rdfred_2_Mare,0.3253012048192771
910,rdfred_2_NssCH2,0.3253012048192771
911,product_ATS4se,0.3253012048192771
912,product_ATS7v,0.3253012048192771
913,product_n9FRing,0.3253012048192771
914,rdfred_1_ATS5pe,0.3253012048192771
915,product_ATS4Z,0.3253012048192771
916,rdfred_2_PEOE_VSA1,0.3253012048192771
917,rdfred_1_nBondsM,0.3253012048192771
918,rdfred_1_TIC2,0.3253012048192771
919,rdfred_1_Xc-4dv,0.3253012048192771
920,product_ATS1p,0.3253012048192771
921,rdfred_2_SMR_VSA7,0.3253012048192771
922,rdfred_2_Xp-3dv,0.3132530120481928
923,rdfred_2_nBondsM,0.3132530120481928
924,rdfred_1_Xc-4d,0.3132530120481928
925,product_MW,0.3132530120481928
926,rdfred_2_AATSC0pe,0.3132530120481928
927,product_MWC07,0.3132530120481928
928,rdfred_1_mZagreb2,0.3132530120481928
929,rdfred_1_MPC6,0.3132530120481928
930,rdfred_2_SMR_VSA3,0.3132530120481928
931,rdfred_1_ATS8se,0.3132530120481928
932,product_ATS6se,0.3132530120481928
933,product_nX,0.3132530120481928
934,rdfred_1_ATS4p,0.3132530120481928
935,rdfred_1_ATS3se,0.3132530120481928
936,rdfred_2_TIC1,0.3132530120481928
937,rdfred_1_SlogP_VSA10,0.3132530120481928
938,rdfred_2_PEOE_VSA2,0.3132530120481928
939,rdfred_2_ATSC3Z,0.30120481927710846
940,rdfred_2_ATS4pe,0.30120481927710846
941,rdfred_2_EState_VSA1,0.30120481927710846
942,rdfred_2_piPC9,0.30120481927710846
943,product_ATS4are,0.30120481927710846
944,rdfred_2_JGI8,0.30120481927710846
945,rdfred_2_TIC2,0.30120481927710846
946,rdfred_2_ATS4m,0.30120481927710846
947,rdfred_2_ATS1dv,0.30120481927710846
948,rdfred_2_AATSC0m,0.30120481927710846
949,rdfred_1_AATS0m,0.30120481927710846
950,rdfred_1_TIC1,0.30120481927710846
951,rdfred_2_MWC08,0.30120481927710846
952,rdfred_2_ATS5i,0.30120481927710846
953,rdfred_2_SsssN,0.2891566265060241
954,rdfred_1_Xp-1dv,0.2891566265060241
955,rdfred_2_TopoPSA(NO),0.2891566265060241
956,rdfred_2_Xpc-6dv,0.2891566265060241
957,product_NssssC,0.2891566265060241
958,rdfred_2_ATS2pe,0.2891566265060241
959,rdfred_2_PEOE_VSA4,0.2891566265060241
960,product_ATS7are,0.2891566265060241
961,rdfred_1_MPC8,0.2891566265060241
962,rdfred_1_GGI8,0.2891566265060241
963,product_SaaaC,0.2891566265060241
964,product_ATS1d,0.2891566265060241
965,rdfred_1_SddssS,0.2891566265060241
966,product_n12FAHRing,0.2891566265060241
967,product_nAHRing,0.2891566265060241
968,product_n10FARing,0.27710843373493976
969,rdfred_2_piPC7,0.27710843373493976
970,product_ZMIC0,0.27710843373493976
971,rdfred_1_nN,0.27710843373493976
972,product_SssNH,0.27710843373493976
973,rdfred_2_nBondsD,0.27710843373493976
974,rdfred_2_AATSC0are,0.27710843373493976
975,rdfred_2_Mpe,0.27710843373493976
976,rdfred_2_Xc-5d,0.27710843373493976
977,rdfred_2_ATS0are,0.27710843373493976
978,product_ATS2v,0.27710843373493976
979,rdfred_2_ATS2p,0.26506024096385544
980,rdfred_1_ATS3Z,0.26506024096385544
981,rdfred_2_C3SP3,0.26506024096385544
982,product_ATS0m,0.26506024096385544
983,rdfred_2_ATSC0i,0.26506024096385544
984,rdfred_2_ATS0dv,0.26506024096385544
985,product_nHBAcc,0.26506024096385544
986,product_C4SP3,0.26506024096385544
987,product_WPol,0.26506024096385544
988,rdfred_2_ATSC8are,0.26506024096385544
989,product_n5HRing,0.26506024096385544
990,rdfred_2_ATS1m,0.26506024096385544
991,rdfred_1_StN,0.25301204819277107
992,rdfred_2_ATS7p,0.25301204819277107
993,rdfred_1_GGI7,0.25301204819277107
994,rdfred_1_nHetero,0.25301204819277107
995,rdfred_1_ATS2m,0.25301204819277107
996,product_ATS1m,0.25301204819277107
997,product_n9FHRing,0.25301204819277107
998,product_ATS5se,0.25301204819277107
999,rdfred_1_ATS5p,0.25301204819277107
1000,rdfred_2_C2SP1,0.25301204819277107
1001,rdfred_1_ATS7m,0.25301204819277107
1002,rdfred_2_TIC5,0.24096385542168675
1003,rdfred_2_MW,0.24096385542168675
1004,rdfred_1_SsOH,0.24096385542168675
1005,rdfred_1_ATS5d,0.24096385542168675
1006,rdfred_2_ATS6i,0.24096385542168675
1007,rdfred_2_ATS2i,0.24096385542168675
1008,rdfred_1_ATS8p,0.24096385542168675
1009,rdfred_1_MPC10,0.24096385542168675
1010,product_ATS2are,0.24096385542168675
1011,rdfred_1_Xc-6d,0.24096385542168675
1012,product_n10FRing,0.2289156626506024
1013,rdfred_2_nBondsKD,0.2289156626506024
1014,rdfred_2_ATS3m,0.2289156626506024
1015,product_nARing,0.2289156626506024
1016,rdfred_2_JGI10,0.2289156626506024
1017,product_WPath,0.2289156626506024
1018,rdfred_1_apol,0.2289156626506024
1019,rdfred_1_GGI1,0.2289156626506024
1020,rdfred_2_ATS4i,0.2289156626506024
1021,product_ATS4v,0.2289156626506024
1022,rdfred_2_SMR_VSA4,0.2289156626506024
1023,product_nN,0.2289156626506024
1024,product_Zagreb2,0.2289156626506024
1025,rdfred_1_MW,0.21686746987951808
1026,rdfred_2_ATS0i,0.21686746987951808
1027,rdfred_2_ATS8dv,0.21686746987951808
1028,rdfred_2_ATS5dv,0.21686746987951808
1029,rdfred_2_ATSC0are,0.21686746987951808
1030,rdfred_2_Xpc-6d,0.21686746987951808
1031,product_ATS5are,0.21686746987951808
1032,rdfred_1_Xch-4dv,0.21686746987951808
1033,rdfred_2_ATS7are,0.21686746987951808
1034,product_ATS8v,0.21686746987951808
1035,rdfred_2_Xp-1dv,0.21686746987951808
1036,rdfred_1_NdO,0.20481927710843373
1037,rdfred_2_ATS7dv,0.20481927710843373
1038,rdfred_1_ATS2Z,0.20481927710843373
1039,rdfred_2_TpiPC10,0.20481927710843373
1040,rdfred_2_ATS5pe,0.20481927710843373
1041,rdfred_1_ATS2d,0.20481927710843373
1042,rdfred_1_Xch-4d,0.20481927710843373
1043,product_SsF,0.20481927710843373
1044,rdfred_1_ATSC0Z,0.20481927710843373
1045,rdfred_1_ATS4Z,0.20481927710843373
1046,rdfred_1_ATS5m,0.20481927710843373
1047,rdfred_1_ATS1p,0.20481927710843373
1048,rdfred_1_ATS3d,0.20481927710843373
1049,rdfred_1_ATS6Z,0.20481927710843373
1050,rdfred_2_ATS7d,0.20481927710843373
1051,rdfred_1_ATS8d,0.20481927710843373
1052,rdfred_2_VSA_EState8,0.1927710843373494
1053,product_Xp-1d,0.1927710843373494
1054,rdfred_2_TIC3,0.1927710843373494
1055,product_n10FHRing,0.1927710843373494
1056,product_ATS3Z,0.1927710843373494
1057,rdfred_2_PEOE_VSA3,0.1927710843373494
1058,rdfred_1_ATS2v,0.1927710843373494
1059,rdfred_1_NdCH2,0.1927710843373494
1060,rdfred_1_ATS2p,0.1927710843373494
1061,rdfred_1_GGI2,0.1927710843373494
1062,product_ATS0v,0.1927710843373494
1063,rdfred_2_ATS4se,0.1927710843373494
1064,rdfred_2_Xch-5dv,0.1927710843373494
1065,product_ATS3v,0.1927710843373494
1066,product_NdCH2,0.1927710843373494
1067,rdfred_1_nH,0.1927710843373494
1068,product_n6aHRing,0.18072289156626506
1069,rdfred_1_ATS5Z,0.18072289156626506
1070,rdfred_2_piPC8,0.18072289156626506
1071,rdfred_2_AATS0are,0.18072289156626506
1072,rdfred_1_ATS1m,0.18072289156626506
1073,rdfred_1_piPC2,0.18072289156626506
1074,rdfred_1_ATS2se,0.18072289156626506
1075,rdfred_2_ZMIC0,0.18072289156626506
1076,product_nBridgehead,0.18072289156626506
1077,rdfred_2_ATS0Z,0.18072289156626506
1078,product_n12FARing,0.18072289156626506
1079,product_ATS0are,0.18072289156626506
1080,product_MWC04,0.18072289156626506
1081,rdfred_2_ATSC6Z,0.18072289156626506
1082,product_TIC4,0.18072289156626506
1083,rdfred_2_ATSC0Z,0.1686746987951807
1084,rdfred_1_ATS4m,0.1686746987951807
1085,product_MWC05,0.1686746987951807
1086,rdfred_2_SRW07,0.1686746987951807
1087,product_piPC1,0.1686746987951807
1088,product_apol,0.1686746987951807
1089,rdfred_2_MPC8,0.1686746987951807
1090,rdfred_2_piPC5,0.1686746987951807
1091,product_ATS5d,0.1686746987951807
1092,rdfred_2_ECIndex,0.1686746987951807
1093,rdfred_2_BertzCT,0.1686746987951807
1094,rdfred_1_TMPC10,0.1686746987951807
1095,product_NtsC,0.1686746987951807
1096,rdfred_1_WPath,0.1686746987951807
1097,rdfred_2_ATS0p,0.1686746987951807
1098,rdfred_2_C2SP3,0.1686746987951807
1099,rdfred_1_NaasC,0.1686746987951807
1100,rdfred_2_MIC4,0.1686746987951807
1101,rdfred_2_piPC1,0.1686746987951807
1102,rdfred_2_ATSC0d,0.1686746987951807
1103,product_SRW05,0.1686746987951807
1104,rdfred_1_ATS0p,0.1686746987951807
1105,rdfred_1_nHBAcc,0.1686746987951807
1106,product_nBondsM,0.1686746987951807
1107,rdfred_1_ATS6p,0.1686746987951807
1108,product_nHetero,0.1686746987951807
1109,rdfred_1_SMR,0.1566265060240964
1110,product_PEOE_VSA4,0.1566265060240964
1111,product_Sv,0.1566265060240964
1112,product_ATS6are,0.1566265060240964
1113,rdfred_1_SsCl,0.1566265060240964
1114,rdfred_2_Mse,0.1566265060240964
1115,product_nFRing,0.1566265060240964
1116,rdfred_1_nHBDon,0.1566265060240964
1117,rdfred_2_apol,0.1566265060240964
1118,rdfred_2_IC4,0.1566265060240964
1119,rdfred_1_ATS4d,0.1566265060240964
1120,rdfred_1_Xc-6dv,0.1566265060240964
1121,rdfred_1_nARing,0.1566265060240964
1122,rdfred_2_ATS5v,0.1566265060240964
1123,rdfred_2_Xp-7d,0.1566265060240964
1124,rdfred_1_ATS4pe,0.1566265060240964
1125,rdfred_1_SlogP_VSA11,0.1566265060240964
1126,rdfred_2_GGI6,0.1566265060240964
1127,product_NdO,0.1566265060240964
1128,product_TMWC10,0.1566265060240964
1129,product_nC,0.1566265060240964
1130,rdfred_1_n11FRing,0.1566265060240964
1131,rdfred_2_Xp-6dv,0.1566265060240964
1132,rdfred_1_C4SP3,0.1566265060240964
1133,rdfred_2_SlogP_VSA1,0.1566265060240964
1134,rdfred_1_ATS2i,0.1566265060240964
1135,rdfred_1_Xp-3d,0.1566265060240964
1136,rdfred_2_ATS5m,0.14457831325301204
1137,rdfred_2_Xpc-5d,0.14457831325301204
1138,rdfred_1_ATS0are,0.14457831325301204
1139,rdfred_1_SRW06,0.14457831325301204
1140,product_MPC3,0.14457831325301204
1141,rdfred_2_ATS6dv,0.14457831325301204
1142,rdfred_2_ATS7i,0.14457831325301204
1143,rdfred_2_NdCH2,0.14457831325301204
1144,rdfred_2_ATS4dv,0.14457831325301204
1145,product_MWC06,0.14457831325301204
1146,rdfred_1_SssssSi,0.14457831325301204
1147,rdfred_1_ATS6se,0.14457831325301204
1148,rdfred_2_GGI4,0.14457831325301204
1149,rdfred_1_ATS7Z,0.14457831325301204
1150,product_ATS8are,0.14457831325301204
1151,rdfred_2_Xp-5dv,0.14457831325301204
1152,product_SdsN,0.14457831325301204
1153,rdfred_2_piPC2,0.14457831325301204
1154,rdfred_1_AMW,0.14457831325301204
1155,rdfred_1_TIC3,0.14457831325301204
1156,rdfred_2_SddssS,0.14457831325301204
1157,rdfred_1_ATS5v,0.14457831325301204
1158,product_SlogP_VSA11,0.14457831325301204
1159,rdfred_1_ATS8are,0.13253012048192772
1160,rdfred_2_ATS4Z,0.13253012048192772
1161,rdfred_1_NssssC,0.13253012048192772
1162,rdfred_2_GGI9,0.13253012048192772
1163,rdfred_2_ATS2are,0.13253012048192772
1164,rdfred_2_GGI5,0.13253012048192772
1165,rdfred_1_ATS3p,0.13253012048192772
1166,rdfred_2_MPC5,0.13253012048192772
1167,rdfred_2_Xp-6d,0.13253012048192772
1168,rdfred_1_ATS4se,0.13253012048192772
1169,rdfred_2_piPC10,0.13253012048192772
1170,rdfred_1_NsOH,0.13253012048192772
1171,rdfred_1_Zagreb2,0.13253012048192772
1172,rdfred_2_MWC05,0.13253012048192772
1173,rdfred_1_ABCGG,0.13253012048192772
1174,rdfred_1_ATS1Z,0.13253012048192772
1175,rdfred_2_MZ,0.13253012048192772
1176,product_ATS1Z,0.12048192771084337
1177,product_SaasN,0.12048192771084337
1178,product_AMW,0.12048192771084337
1179,rdfred_1_WPol,0.12048192771084337
1180,rdfred_2_AATS0pe,0.12048192771084337
1181,rdfred_1_SssNH,0.12048192771084337
1182,product_ATS0i,0.12048192771084337
1183,rdfred_1_SRW05,0.12048192771084337
1184,rdfred_1_piPC1,0.12048192771084337
1185,rdfred_1_SlogP_VSA7,0.12048192771084337
1186,product_ABC,0.12048192771084337
1187,rdfred_1_Xp-2d,0.12048192771084337
1188,product_nRing,0.12048192771084337
1189,rdfred_1_nX,0.12048192771084337
1190,product_SssS,0.12048192771084337
1191,rdfred_2_ATS3d,0.12048192771084337
1192,rdfred_2_NsssCH,0.12048192771084337
1193,rdfred_1_ATS7v,0.12048192771084337
1194,product_ATS7pe,0.12048192771084337
1195,product_SZ,0.12048192771084337
1196,rdfred_1_nHRing,0.12048192771084337
1197,rdfred_2_GGI1,0.12048192771084337
1198,rdfred_1_ATS2are,0.10843373493975904
1199,rdfred_2_ATS6p,0.10843373493975904
1200,product_StsC,0.10843373493975904
1201,rdfred_1_MWC09,0.10843373493975904
1202,rdfred_2_Zagreb2,0.10843373493975904
1203,rdfred_2_ATS1d,0.10843373493975904
1204,product_ATS3pe,0.10843373493975904
1205,rdfred_2_ATS1p,0.10843373493975904
1206,rdfred_2_MWC09,0.10843373493975904
1207,rdfred_2_ATS6Z,0.10843373493975904
1208,product_ATS1v,0.10843373493975904
1209,product_NsF,0.10843373493975904
1210,rdfred_1_ATS8v,0.10843373493975904
1211,rdfred_1_ATS5se,0.10843373493975904
1212,rdfred_2_ATS6v,0.10843373493975904
1213,rdfred_1_NaaCH,0.10843373493975904
1214,rdfred_2_SMR,0.10843373493975904
1215,product_ATS1i,0.10843373493975904
1216,product_nBase,0.10843373493975904
1217,rdfred_2_ATS8Z,0.10843373493975904
1218,rdfred_2_AATS0m,0.10843373493975904
1219,rdfred_1_ATS0se,0.10843373493975904
1220,rdfred_2_ATS2v,0.10843373493975904
1221,product_PEOE_VSA5,0.10843373493975904
1222,rdfred_2_ATS6pe,0.10843373493975904
1223,rdfred_2_ATS3p,0.10843373493975904
1224,rdfred_1_SsF,0.10843373493975904
1225,rdfred_1_ATSC0d,0.10843373493975904
1226,rdfred_1_ATS3are,0.0963855421686747
1227,rdfred_2_ATSC8m,0.0963855421686747
1228,rdfred_1_ATS1pe,0.0963855421686747
1229,rdfred_2_ATS3Z,0.0963855421686747
1230,product_SssssSi,0.0963855421686747
1231,rdfred_2_nBondsKS,0.0963855421686747
1232,rdfred_1_NsCH3,0.0963855421686747
1233,rdfred_1_ATS6d,0.0963855421686747
1234,product_Radius,0.0963855421686747
1235,rdfred_2_EState_VSA10,0.0963855421686747
1236,product_ATS7se,0.0963855421686747
1237,rdfred_2_SaaaC,0.0963855421686747
1238,rdfred_1_n10FARing,0.0963855421686747
1239,rdfred_1_n6Ring,0.0963855421686747
1240,rdfred_1_MWC05,0.0963855421686747
1241,rdfred_1_ATS1i,0.0963855421686747
1242,product_nS,0.0963855421686747
1243,rdfred_2_SlogP_VSA10,0.0963855421686747
1244,rdfred_2_ATS0se,0.0963855421686747
1245,rdfred_2_ATS4v,0.0963855421686747
1246,product_ATS0d,0.0963855421686747
1247,rdfred_1_MWC06,0.0963855421686747
1248,rdfred_1_nBondsKS,0.0963855421686747
1249,rdfred_1_Xch-3dv,0.08433734939759036
1250,rdfred_1_nC,0.08433734939759036
1251,rdfred_1_ATS1se,0.08433734939759036
1252,product_n10FAHRing,0.08433734939759036
1253,rdfred_2_ATS3v,0.08433734939759036
1254,product_naHRing,0.08433734939759036
1255,product_VMcGowan,0.08433734939759036
1256,rdfred_1_TMWC10,0.08433734939759036
1257,rdfred_2_ATS2Z,0.08433734939759036
1258,rdfred_2_ATS2m,0.08433734939759036
1259,rdfred_2_ATS3are,0.08433734939759036
1260,rdfred_1_ATS0m,0.08433734939759036
1261,rdfred_2_PEOE_VSA13,0.08433734939759036
1262,product_ATS1are,0.08433734939759036
1263,rdfred_2_SRW06,0.08433734939759036
1264,rdfred_2_ATS8v,0.08433734939759036
1265,product_ATS1pe,0.08433734939759036
1266,rdfred_2_Xc-6d,0.08433734939759036
1267,rdfred_2_PEOE_VSA12,0.08433734939759036
1268,rdfred_2_ATS8m,0.08433734939759036
1269,rdfred_2_C1SP1,0.08433734939759036
1270,rdfred_1_ATS7d,0.08433734939759036
1271,product_LabuteASA,0.08433734939759036
1272,rdfred_1_ATS0d,0.08433734939759036
1273,rdfred_2_SRW10,0.08433734939759036
1274,rdfred_1_NssO,0.07228915662650602
1275,rdfred_2_ATS5Z,0.07228915662650602
1276,rdfred_2_SsCl,0.07228915662650602
1277,rdfred_2_NtsC,0.07228915662650602
1278,rdfred_1_nBase,0.07228915662650602
1279,rdfred_2_Xc-4d,0.07228915662650602
1280,rdfred_2_ATS7se,0.07228915662650602
1281,rdfred_1_Xp-1d,0.07228915662650602
1282,rdfred_2_nH,0.07228915662650602
1283,rdfred_1_ATS0v,0.07228915662650602
1284,rdfred_2_MPC10,0.07228915662650602
1285,product_Xch-4d,0.07228915662650602
1286,rdfred_2_Xp-4d,0.07228915662650602
1287,rdfred_2_MPC9,0.07228915662650602
1288,product_Xch-3dv,0.07228915662650602
1289,rdfred_1_n6HRing,0.07228915662650602
1290,rdfred_2_MWC10,0.07228915662650602
1291,rdfred_2_GGI10,0.07228915662650602
1292,rdfred_2_ATS5d,0.07228915662650602
1293,rdfred_2_ATS2d,0.07228915662650602
1294,rdfred_2_TMPC10,0.07228915662650602
1295,rdfred_2_VMcGowan,0.07228915662650602
1296,rdfred_1_SRW08,0.07228915662650602
1297,product_NaaN,0.07228915662650602
1298,rdfred_1_MWC07,0.07228915662650602
1299,product_ATS0se,0.07228915662650602
1300,rdfred_2_WPol,0.07228915662650602
1301,rdfred_1_n7FRing,0.07228915662650602
1302,rdfred_2_ATS6m,0.07228915662650602
1303,rdfred_1_SMR_VSA2,0.060240963855421686
1304,rdfred_1_Sv,0.060240963855421686
1305,product_Sare,0.060240963855421686
1306,product_ATS2pe,0.060240963855421686
1307,rdfred_1_ATS1are,0.060240963855421686
1308,product_Zagreb1,0.060240963855421686
1309,rdfred_1_TIC4,0.060240963855421686
1310,product_SRW04,0.060240963855421686
1311,product_ATS8pe,0.060240963855421686
1312,rdfred_1_nRing,0.060240963855421686
1313,rdfred_1_n6ARing,0.060240963855421686
1314,rdfred_1_nFHRing,0.060240963855421686
1315,rdfred_1_n5Ring,0.060240963855421686
1316,rdfred_1_ATS7se,0.060240963855421686
1317,rdfred_2_GGI7,0.060240963855421686
1318,rdfred_2_LabuteASA,0.060240963855421686
1319,rdfred_2_nHRing,0.060240963855421686
1320,rdfred_2_Sv,0.060240963855421686
1321,rdfred_2_MWC01,0.060240963855421686
1322,rdfred_2_SlogP_VSA8,0.060240963855421686
1323,rdfred_2_MPC7,0.060240963855421686
1324,rdfred_2_ATS1se,0.060240963855421686
1325,rdfred_2_n4AHRing,0.060240963855421686
1326,rdfred_2_ATS1pe,0.060240963855421686
1327,rdfred_2_nRing,0.060240963855421686
1328,rdfred_1_nBondsT,0.060240963855421686
1329,rdfred_2_GGI2,0.060240963855421686
1330,rdfred_2_Xp-2d,0.060240963855421686
1331,rdfred_2_ATS8se,0.060240963855421686
1332,rdfred_2_ATS8i,0.060240963855421686
1333,rdfred_2_ATS4d,0.060240963855421686
1334,rdfred_2_ATS0m,0.060240963855421686
1335,rdfred_1_ATS4v,0.060240963855421686
1336,rdfred_1_ATS6are,0.060240963855421686
1337,rdfred_2_MWC07,0.060240963855421686
1338,product_NsOH,0.04819277108433735
1339,rdfred_1_n5AHRing,0.04819277108433735
1340,product_nO,0.04819277108433735
1341,rdfred_1_ZMIC0,0.04819277108433735
1342,product_Si,0.04819277108433735
1343,rdfred_1_ATS3v,0.04819277108433735
1344,rdfred_2_SZ,0.04819277108433735
1345,rdfred_2_ATS5p,0.04819277108433735
1346,product_Xch-3d,0.04819277108433735
1347,rdfred_2_ATS7m,0.04819277108433735
1348,rdfred_1_ATS6v,0.04819277108433735
1349,rdfred_2_Xc-6dv,0.04819277108433735
1350,product_MPC2,0.04819277108433735
1351,rdfred_1_Xch-3d,0.04819277108433735
1352,rdfred_1_n8FARing,0.04819277108433735
1353,rdfred_1_nO,0.04819277108433735
1354,rdfred_1_nFARing,0.04819277108433735
1355,rdfred_2_ATS0v,0.04819277108433735
1356,rdfred_2_ATS5are,0.04819277108433735
1357,rdfred_2_NaaCH,0.04819277108433735
1358,rdfred_1_ATS4are,0.04819277108433735
1359,rdfred_1_NsssN,0.04819277108433735
1360,rdfred_1_ATS1d,0.04819277108433735
1361,rdfred_2_Xp-5d,0.04819277108433735
1362,rdfred_2_nHBAcc,0.04819277108433735
1363,rdfred_1_SaasN,0.04819277108433735
1364,rdfred_2_NaasC,0.04819277108433735
1365,product_NaaCH,0.04819277108433735
1366,rdfred_1_Si,0.04819277108433735
1367,rdfred_2_SlogP_VSA7,0.04819277108433735
1368,product_SlogP_VSA7,0.04819277108433735
1369,rdfred_2_n5AHRing,0.04819277108433735
1370,rdfred_1_nS,0.03614457831325301
1371,rdfred_1_ATS1v,0.03614457831325301
1372,rdfred_1_ATS5are,0.03614457831325301
1373,rdfred_1_VMcGowan,0.03614457831325301
1374,rdfred_2_ATS4are,0.03614457831325301
1375,rdfred_2_n6ARing,0.03614457831325301
1376,rdfred_1_nAHRing,0.03614457831325301
1377,rdfred_2_nO,0.03614457831325301
1378,rdfred_1_ABC,0.03614457831325301
1379,rdfred_1_ATS7pe,0.03614457831325301
1380,rdfred_1_n9FAHRing,0.03614457831325301
1381,rdfred_2_NsSH,0.03614457831325301
1382,rdfred_2_mZagreb2,0.03614457831325301
1383,rdfred_1_n10FRing,0.03614457831325301
1384,product_MWC01,0.03614457831325301
1385,rdfred_2_ATS6se,0.03614457831325301
1386,rdfred_2_Xp-1d,0.03614457831325301
1387,product_Sm,0.03614457831325301
1388,rdfred_2_nC,0.03614457831325301
1389,rdfred_1_nFRing,0.03614457831325301
1390,rdfred_2_ATS1v,0.03614457831325301
1391,rdfred_1_NtCH,0.03614457831325301
1392,rdfred_2_Si,0.03614457831325301
1393,product_n5aHRing,0.03614457831325301
1394,product_n11FRing,0.03614457831325301
1395,product_nAtom,0.03614457831325301
1396,rdfred_2_nAromBond,0.03614457831325301
1397,rdfred_1_nAtom,0.03614457831325301
1398,product_n9FARing,0.03614457831325301
1399,rdfred_2_GGI8,0.024096385542168676
1400,rdfred_1_MWC01,0.024096385542168676
1401,product_n7AHRing,0.024096385542168676
1402,rdfred_2_ATS7v,0.024096385542168676
1403,rdfred_1_n5aHRing,0.024096385542168676
1404,rdfred_1_SdssS,0.024096385542168676
1405,rdfred_2_MPC2,0.024096385542168676
1406,rdfred_2_NsCH3,0.024096385542168676
1407,rdfred_2_ABCGG,0.024096385542168676
1408,rdfred_2_ATS8p,0.024096385542168676
1409,rdfred_1_n5HRing,0.024096385542168676
1410,rdfred_2_ATS1Z,0.024096385542168676
1411,rdfred_2_ATS3pe,0.024096385542168676
1412,product_nFHRing,0.024096385542168676
1413,rdfred_2_nARing,0.024096385542168676
1414,rdfred_1_NsF,0.024096385542168676
1415,rdfred_1_ATS0pe,0.024096385542168676
1416,rdfred_1_n5ARing,0.024096385542168676
1417,product_NsCH3,0.024096385542168676
1418,rdfred_2_ATS7Z,0.024096385542168676
1419,rdfred_1_nFAHRing,0.024096385542168676
1420,product_nBonds,0.024096385542168676
1421,product_n11FAHRing,0.024096385542168676
1422,rdfred_1_MPC3,0.024096385542168676
1423,rdfred_2_MPC6,0.024096385542168676
1424,rdfred_2_SssssSi,0.024096385542168676
1425,rdfred_2_NddC,0.024096385542168676
1426,product_SddsN,0.024096385542168676
1427,rdfred_2_ATS1are,0.024096385542168676
1428,rdfred_2_nBr,0.024096385542168676
1429,rdfred_2_nAHRing,0.024096385542168676
1430,rdfred_2_n6HRing,0.024096385542168676
1431,rdfred_2_NdO,0.024096385542168676
1432,rdfred_1_SssS,0.024096385542168676
1433,rdfred_1_SRW04,0.024096385542168676
1434,rdfred_1_ATS3pe,0.024096385542168676
1435,rdfred_2_ATS8are,0.024096385542168676
1436,rdfred_1_naHRing,0.024096385542168676
1437,rdfred_1_nBridgehead,0.024096385542168676
1438,rdfred_2_Xc-4dv,0.024096385542168676
1439,rdfred_2_SdssS,0.024096385542168676
1440,rdfred_1_LabuteASA,0.024096385542168676
1441,rdfred_2_ATS7pe,0.012048192771084338
1442,rdfred_2_nBonds,0.012048192771084338
1443,rdfred_2_nHetero,0.012048192771084338
1444,rdfred_2_n11FAHRing,0.012048192771084338
1445,rdfred_2_n6Ring,0.012048192771084338
1446,rdfred_1_Sse,0.012048192771084338
1447,rdfred_1_n9FRing,0.012048192771084338
1448,rdfred_2_SssssC,0.012048192771084338
1449,rdfred_2_SaaN,0.012048192771084338
1450,rdfred_1_n6AHRing,0.012048192771084338
1451,rdfred_1_MWC04,0.012048192771084338
1452,rdfred_1_ATS8pe,0.012048192771084338
1453,rdfred_2_ATS6are,0.012048192771084338
1454,rdfred_1_Sm,0.012048192771084338
1455,rdfred_2_Zagreb1,0.012048192771084338
1456,rdfred_2_Xp-3d,0.012048192771084338
1457,rdfred_2_n6aRing,0.012048192771084338
1458,rdfred_2_nHBDon,0.012048192771084338
1459,rdfred_2_nS,0.012048192771084338
1460,product_NssNH,0.012048192771084338
1461,rdfred_1_Sare,0.012048192771084338
1462,rdfred_2_nFRing,0.012048192771084338
1463,rdfred_2_SsF,0.012048192771084338
1464,rdfred_2_SRW09,0.012048192771084338
1465,rdfred_1_SZ,0.012048192771084338
1466,rdfred_1_SsBr,0.012048192771084338
1467,rdfred_2_naHRing,0.012048192771084338
1468,rdfred_2_MPC3,0.012048192771084338
1469,rdfred_2_ATS0pe,0.012048192771084338
1470,rdfred_2_ABC,0.012048192771084338
1471,rdfred_2_AMW,0.012048192771084338
1472,rdfred_2_nFARing,0.012048192771084338
1473,rdfred_2_WPath,0.012048192771084338
1474,rdfred_1_NddssS,0.012048192771084338
1475,rdfred_2_TMWC10,0.012048192771084338
1476,rdfred_2_ATS1i,0.012048192771084338
1477,product_n3Ring,0.012048192771084338
1478,rdfred_2_NaaN,0.012048192771084338
1479,rdfred_2_MWC04,0.012048192771084338
1480,rdfred_2_Sse,0.012048192771084338
1481,rdfred_2_n7FAHRing,0.012048192771084338
1482,rdfred_2_ATS8pe,0.012048192771084338
1483,product_Spe,0.012048192771084338
1484,rdfred_2_ATS5se,0.012048192771084338
1485,rdfred_1_ATS2pe,0.012048192771084338
1486,rdfred_1_NdssS,0.012048192771084338
1487,rdfred_1_SaaaC,0.012048192771084338
1488,rdfred_1_n9FaRing,0.0
1489,rdfred_1_NssssN,0.0
1490,rdfred_2_NsF,0.0
1491,rdfred_1_n12FaRing,0.0
1492,rdfred_2_n7aRing,0.0
1493,product_nI,0.0
1494,rdfred_2_n9FAHRing,0.0
1495,rdfred_1_n5FRing,0.0
1496,rdfred_1_MPC2,0.0
1497,rdfred_2_n8ARing,0.0
1498,product_NtN,0.0
1499,rdfred_2_n5aRing,0.0
1500,rdfred_2_SaaSe,0.0
1501,product_n10FaRing,0.0
1502,rdfred_1_SRW03,0.0
1503,rdfred_2_Radius,0.0
1504,rdfred_1_NdsN,0.0
1505,rdfred_1_n12FaHRing,0.0
1506,rdfred_1_nB,0.0
1507,rdfred_1_nG12ARing,0.0
1508,rdfred_1_nG12FRing,0.0
1509,rdfred_2_n5aHRing,0.0
1510,product_nFaRing,0.0
1511,rdfred_1_SaaN,0.0
1512,rdfred_2_n9FaRing,0.0
1513,product_n10AHRing,0.0
1514,product_n6aRing,0.0
1515,rdfred_2_C4SP3,0.0
1516,product_nF,0.0
1517,rdfred_2_nAtom,0.0
1518,rdfred_1_n12Ring,0.0
1519,rdfred_2_NsOH,0.0
1520,product_SssssN,0.0
1521,rdfred_2_nG12FHRing,0.0
1522,rdfred_2_nB,0.0
1523,rdfred_2_n7ARing,0.0
1524,rdfred_2_n10FaHRing,0.0
1525,product_NaaaC,0.0
1526,rdfred_2_n8FARing,0.0
1527,rdfred_2_NsssAs,0.0
1528,rdfred_1_n12HRing,0.0
1529,product_n7FARing,0.0
1530,product_n10ARing,0.0
1531,product_NaasN,0.0
1532,rdfred_1_SssssSn,0.0
1533,rdfred_1_SssSe,0.0
1534,rdfred_1_n10FaRing,0.0
1535,product_n6FAHRing,0.0
1536,rdfred_2_n3AHRing,0.0
1537,product_NssssN,0.0
1538,product_NddssS,0.0
1539,rdfred_1_SdS,0.0
1540,rdfred_2_n6AHRing,0.0
1541,rdfred_1_NsssSiH,0.0
1542,product_nBr,0.0
1543,product_n4Ring,0.0
1544,rdfred_1_NdS,0.0
1545,product_n6FARing,0.0
1546,product_n3ARing,0.0
1547,product_NsI,0.0
1548,rdfred_1_n10ARing,0.0
1549,product_SdNH,0.0
1550,rdfred_2_SssS,0.0
1551,product_SddC,0.0
1552,rdfred_2_n10FAHRing,0.0
1553,rdfred_2_n5Ring,0.0
1554,product_n9Ring,0.0
1555,rdfred_1_n12FARing,0.0
1556,rdfred_1_SaaNH,0.0
1557,rdfred_1_n7AHRing,0.0
1558,rdfred_1_SaaS,0.0
1559,rdfred_2_SRW04,0.0
1560,rdfred_1_SaaSe,0.0
1561,rdfred_1_n9FARing,0.0
1562,rdfred_2_n5FARing,0.0
1563,rdfred_1_NssSiH2,0.0
1564,rdfred_1_Zagreb1,0.0
1565,product_n7Ring,0.0
1566,rdfred_2_nCl,0.0
1567,product_NsssN,0.0
1568,product_n12FaHRing,0.0
1569,product_NdNH,0.0
1570,rdfred_1_NdNH,0.0
1571,rdfred_2_nG12aHRing,0.0
1572,rdfred_1_SsssssP,0.0
1573,product_SRW02,0.0
1574,product_n11FARing,0.0
1575,rdfred_2_n12HRing,0.0
1576,rdfred_2_SddsN,0.0
1577,rdfred_1_nG12HRing,0.0
1578,rdfred_1_SRW02,0.0
1579,product_NsCl,0.0
1580,product_NaaS,0.0
1581,product_SssssGe,0.0
1582,product_n8FaHRing,0.0
1583,rdfred_1_n11FaRing,0.0
1584,rdfred_1_n9ARing,0.0
1585,rdfred_1_n7HRing,0.0
1586,rdfred_1_n4AHRing,0.0
1587,product_nG12FRing,0.0
1588,rdfred_2_NssO,0.0
1589,rdfred_1_n9FaHRing,0.0
1590,rdfred_1_nBondsO,0.0
1591,rdfred_2_n12FAHRing,0.0
1592,rdfred_2_VSA_EState5,0.0
1593,product_NtCH,0.0
1594,rdfred_1_nG12AHRing,0.0
1595,rdfred_2_SsssAs,0.0
1596,rdfred_1_Spe,0.0
1597,product_nG12AHRing,0.0
1598,product_nBondsT,0.0
1599,rdfred_1_n9FHRing,0.0
1600,rdfred_1_NsNH2,0.0
1601,rdfred_2_n6FHRing,0.0
1602,product_Sse,0.0
1603,rdfred_1_NaaO,0.0
1604,product_C1SP1,0.0
1605,rdfred_1_NaaNH,0.0
1606,rdfred_2_nFAHRing,0.0
1607,rdfred_2_SaasN,0.0
1608,rdfred_1_NssS,0.0
1609,rdfred_2_n12Ring,0.0
1610,rdfred_2_n9FRing,0.0
1611,rdfred_1_NssssSn,0.0
1612,rdfred_1_n11FaHRing,0.0
1613,rdfred_2_Xch-3d,0.0
1614,rdfred_1_n10FHRing,0.0
1615,rdfred_2_n10HRing,0.0
1616,product_NdsssP,0.0
1617,rdfred_1_NsSH,0.0
1618,rdfred_1_NaaN,0.0
1619,rdfred_2_n5HRing,0.0
1620,rdfred_1_NddC,0.0
1621,rdfred_2_nG12FaRing,0.0
1622,rdfred_2_nBase,0.0
1623,product_StCH,0.0
1624,product_n11FaRing,0.0
1625,product_n9ARing,0.0
1626,product_nG12HRing,0.0
1627,product_n9FaHRing,0.0
1628,product_NdS,0.0
1629,product_NdsN,0.0
1630,rdfred_2_nG12FAHRing,0.0
1631,rdfred_1_n12ARing,0.0
1632,rdfred_2_n8FaRing,0.0
1633,rdfred_2_n11FaHRing,0.0
1634,product_SssSe,0.0
1635,product_SaaNH,0.0
1636,rdfred_2_NssssSn,0.0
1637,rdfred_2_NssssC,0.0
1638,rdfred_1_SsNH2,0.0
1639,rdfred_2_n8AHRing,0.0
1640,product_n7aHRing,0.0
1641,product_NsssB,0.0
1642,product_n12FRing,0.0
1643,rdfred_1_n6FHRing,0.0
1644,rdfred_1_nAromAtom,0.0
1645,rdfred_2_NssssGe,0.0
1646,rdfred_2_NaaO,0.0
1647,product_SssssSn,0.0
1648,rdfred_2_nX,0.0
1649,rdfred_1_nG12FAHRing,0.0
1650,product_NsBr,0.0
1651,rdfred_1_n8FaRing,0.0
1652,rdfred_1_n6FAHRing,0.0
1653,rdfred_2_NsssSiH,0.0
1654,product_NdssS,0.0
1655,rdfred_2_n12FARing,0.0
1656,rdfred_1_n10Ring,0.0
1657,rdfred_2_SaaS,0.0
1658,rdfred_1_n3Ring,0.0
1659,rdfred_2_NssSiH2,0.0
1660,rdfred_2_ATS8d,0.0
1661,rdfred_2_SssSiH2,0.0
1662,product_NsNH2,0.0
1663,rdfred_1_n10AHRing,0.0
1664,product_NddsN,0.0
1665,product_nP,0.0
1666,rdfred_2_NaaSe,0.0
1667,rdfred_2_nSpiro,0.0
1668,rdfred_1_SsssAs,0.0
1669,product_nG12aRing,0.0
1670,product_SsssB,0.0
1671,rdfred_2_NsssP,0.0
1672,rdfred_1_n10HRing,0.0
1673,rdfred_2_n10Ring,0.0
1674,product_NssS,0.0
1675,product_SsSH,0.0
1676,rdfred_2_nG12Ring,0.0
1677,rdfred_1_n7FAHRing,0.0
1678,rdfred_2_n3Ring,0.0
1679,product_SaaO,0.0
1680,product_SsNH2,0.0
1681,product_SsBr,0.0
1682,rdfred_2_n12FaRing,0.0
1683,rdfred_1_NdsssP,0.0
1684,rdfred_2_n5FRing,0.0
1685,rdfred_2_SRW03,0.0
1686,rdfred_2_nG12ARing,0.0
1687,rdfred_2_n12ARing,0.0
1688,rdfred_1_n8AHRing,0.0
1689,rdfred_2_NaaNH,0.0
1690,product_SssBH,0.0
1691,product_NssBH,0.0
1692,product_n12AHRing,0.0
1693,rdfred_2_SdS,0.0
1694,product_NddC,0.0
1695,rdfred_1_NssssGe,0.0
1696,product_n8HRing,0.0
1697,product_SssssB,0.0
1698,rdfred_2_n10FHRing,0.0
1699,rdfred_2_SsssssP,0.0
1700,product_n8FAHRing,0.0
1701,rdfred_1_NaasN,0.0
1702,product_NsssssP,0.0
1703,rdfred_2_nBondsO,0.0
1704,product_NssSe,0.0
1705,product_nAromAtom,0.0
1706,rdfred_1_nG12FaRing,0.0
1707,product_n4HRing,0.0
1708,rdfred_2_SRW02,0.0
1709,rdfred_2_nG12FaHRing,0.0
1710,rdfred_2_Sare,0.0
1711,product_nG12FaRing,0.0
1712,rdfred_1_MWC02,0.0
1713,rdfred_2_SssBH,0.0
1714,rdfred_1_n11FHRing,0.0
1715,rdfred_1_SsssSiH,0.0
1716,rdfred_1_NddsN,0.0
1717,rdfred_1_SdsssP,0.0
1718,product_SsssAs,0.0
1719,rdfred_2_n12AHRing,0.0
1720,rdfred_2_n8HRing,0.0
1721,rdfred_2_SssssB,0.0
1722,rdfred_1_n4aRing,0.0
1723,product_n12Ring,0.0
1724,rdfred_2_NssBH,0.0
1725,rdfred_2_SsBr,0.0
1726,rdfred_1_nP,0.0
1727,rdfred_2_NsBr,0.0
1728,rdfred_1_n4HRing,0.0
1729,product_NaaO,0.0
1730,product_NssssSn,0.0
1731,product_n11FaHRing,0.0
1732,rdfred_1_n4ARing,0.0
1733,product_NsSH,0.0
1734,rdfred_2_nBondsT,0.0
1735,product_n8FaRing,0.0
1736,rdfred_1_nFaHRing,0.0
1737,product_n8AHRing,0.0
1738,rdfred_1_nAcid,0.0
1739,rdfred_1_SsssB,0.0
1740,rdfred_1_n6FRing,0.0
1741,rdfred_1_nG12aRing,0.0
1742,product_NssssGe,0.0
1743,rdfred_2_n8FAHRing,0.0
1744,rdfred_2_Xch-4dv,0.0
1745,rdfred_2_NsssssP,0.0
1746,rdfred_1_NssNH,0.0
1747,rdfred_2_n4HRing,0.0
1748,rdfred_2_SlogP_VSA11,0.0
1749,product_SsssssP,0.0
1750,rdfred_2_SsSH,0.0
1751,product_nBondsO,0.0
1752,rdfred_2_SdsN,0.0
1753,rdfred_2_SsssB,0.0
1754,rdfred_1_Sp,0.0
1755,product_NsssSiH,0.0
1756,rdfred_1_NsssssP,0.0
1757,rdfred_1_n8FAHRing,0.0
1758,product_SaaS,0.0
1759,rdfred_2_SssssN,0.0
1760,rdfred_2_n7FARing,0.0
1761,rdfred_2_nF,0.0
1762,rdfred_1_NssssB,0.0
1763,product_SdS,0.0
1764,rdfred_2_nG12aRing,0.0
1765,rdfred_2_SaaO,0.0
1766,rdfred_2_NssNH,0.0
1767,rdfred_2_NdssS,0.0
1768,product_n12FaRing,0.0
1769,rdfred_1_n3HRing,0.0
1770,product_n5FRing,0.0
1771,rdfred_1_SaaO,0.0
1772,product_SRW03,0.0
1773,rdfred_2_NddsN,0.0
1774,rdfred_2_nP,0.0
1775,rdfred_2_nN,0.0
1776,rdfred_2_SRW08,0.0
1777,rdfred_1_n8Ring,0.0
1778,rdfred_1_NssSe,0.0
1779,product_nG12ARing,0.0
1780,rdfred_2_NssSe,0.0
1781,product_NssSiH2,0.0
1782,rdfred_2_n12FRing,0.0
1783,rdfred_2_n7aHRing,0.0
1784,rdfred_2_NssS,0.0
1785,rdfred_2_n5ARing,0.0
1786,rdfred_1_n11FARing,0.0
1787,rdfred_2_NsNH2,0.0
1788,rdfred_2_n9FHRing,0.0
1789,product_nB,0.0
1790,product_n9FaRing,0.0
1791,rdfred_1_NsCl,0.0
1792,rdfred_2_SsNH2,0.0
1793,rdfred_1_SssssGe,0.0
1794,rdfred_2_nAromAtom,0.0
1795,rdfred_1_n8FaHRing,0.0
1796,product_n10Ring,0.0
1797,rdfred_2_ATS0d,0.0
1798,product_n12HRing,0.0
1799,product_SaaSe,0.0
1800,product_n4AHRing,0.0
1801,rdfred_2_NaasN,0.0
1802,rdfred_2_nG12FRing,0.0
1803,rdfred_2_n9Ring,0.0
1804,rdfred_2_NdNH,0.0
1805,rdfred_2_n12FaHRing,0.0
1806,rdfred_1_NtN,0.0
1807,rdfred_2_NssssN,0.0
1808,rdfred_2_NsssN,0.0
1809,rdfred_1_n9Ring,0.0
1810,rdfred_2_Xch-4d,0.0
1811,rdfred_2_n7AHRing,0.0
1812,rdfred_2_n10ARing,0.0
1813,rdfred_1_nI,0.0
1814,rdfred_2_n7HRing,0.0
1815,rdfred_2_n10AHRing,0.0
1816,rdfred_2_n6FAHRing,0.0
1817,product_n7FAHRing,0.0
1818,rdfred_2_NsssB,0.0
1819,rdfred_2_Spe,0.0
1820,rdfred_2_NdsssP,0.0
1821,rdfred_2_n11FaRing,0.0
1822,rdfred_2_n9ARing,0.0
1823,rdfred_1_n6aRing,0.0
1824,rdfred_1_n3ARing,0.0
1825,rdfred_1_n6FARing,0.0
1826,rdfred_2_n9FaHRing,0.0
1827,rdfred_1_n7Ring,0.0
1828,rdfred_1_n4Ring,0.0
1829,rdfred_1_NaaS,0.0
1830,product_n6FHRing,0.0
1831,rdfred_1_SsSH,0.0
1832,rdfred_1_nFaRing,0.0
1833,rdfred_2_SaaNH,0.0
1834,rdfred_1_NaaaC,0.0
1835,rdfred_2_NdS,0.0
1836,rdfred_1_nF,0.0
1837,rdfred_1_SssssN,0.0
1838,product_n10HRing,0.0
1839,product_ATS1se,0.0
1840,product_C2SP1,0.0
1841,rdfred_1_n7FARing,0.0
1842,rdfred_1_nBr,0.0
1843,rdfred_2_nG12AHRing,0.0
1844,rdfred_1_n6aHRing,0.0
1845,rdfred_1_NsI,0.0
1846,rdfred_1_SdNH,0.0
1847,product_NaaNH,0.0
1848,rdfred_2_SssssSn,0.0
1849,rdfred_2_SssSe,0.0
1850,rdfred_2_NdsN,0.0
1851,product_n12ARing,0.0
1852,rdfred_2_nG12HRing,0.0
1853,rdfred_2_NtCH,0.0
1854,rdfred_1_nG12FARing,0.0
1855,rdfred_1_SssSiH2,0.0
1856,rdfred_1_nHeavyAtom,0.0
1857,rdfred_1_SssssB,0.0
1858,product_NssssSi,0.0
1859,product_n8FRing,0.0
1860,rdfred_2_n8Ring,0.0
1861,product_nHeavyAtom,0.0
1862,rdfred_2_NssssB,0.0
1863,rdfred_1_Radius,0.0
1864,product_n7HRing,0.0
1865,product_StN,0.0
1866,rdfred_1_n8ARing,0.0
1867,product_Sp,0.0
1868,rdfred_2_StN,0.0
1869,rdfred_2_Sm,0.0
1870,rdfred_2_SssNH,0.0
1871,rdfred_1_n7aRing,0.0
1872,rdfred_2_Sp,0.0
1873,rdfred_1_nG12aHRing,0.0
1874,product_SsI,0.0
1875,rdfred_1_VSA_EState5,0.0
1876,product_n7FHRing,0.0
1877,product_nBondsA,0.0
1878,rdfred_2_n11FHRing,0.0
1879,product_SsssP,0.0
1880,rdfred_1_n12FAHRing,0.0
1881,product_MWC03,0.0
1882,rdfred_2_SsssSiH,0.0
1883,rdfred_2_SdsssP,0.0
1884,rdfred_2_Xch-3dv,0.0
1885,rdfred_2_n4aRing,0.0
1886,product_naRing,0.0
1887,rdfred_2_n11FRing,0.0
1888,rdfred_1_SddsN,0.0
1889,product_SMR_VSA2,0.0
1890,rdfred_2_n3HRing,0.0
1891,rdfred_2_nHeavyAtom,0.0
1892,rdfred_1_nCl,0.0
1893,product_NssssB,0.0
1894,rdfred_1_n3AHRing,0.0
1895,rdfred_2_nBondsA,0.0
1896,product_MWC02,0.0
1897,rdfred_2_n7FHRing,0.0
1898,rdfred_1_n7aHRing,0.0
1899,product_n6FRing,0.0
1900,rdfred_2_n12FHRing,0.0
1901,rdfred_1_nG12FHRing,0.0
1902,product_nAcid,0.0
1903,rdfred_1_nG12Ring,0.0
1904,product_nFaHRing,0.0
1905,product_n4ARing,0.0
1906,rdfred_1_NsssP,0.0
1907,rdfred_1_nSpiro,0.0
1908,rdfred_1_NaaSe,0.0
1909,rdfred_2_n7FRing,0.0
1910,rdfred_2_nBridgehead,0.0
1911,product_n11FHRing,0.0
1912,product_SsssSiH,0.0
1913,product_n8Ring,0.0
1914,rdfred_2_NssssSi,0.0
1915,rdfred_2_SsI,0.0
1916,rdfred_2_n8FHRing,0.0
1917,rdfred_2_SMR_VSA2,0.0
1918,rdfred_2_naRing,0.0
1919,product_n3HRing,0.0
1920,rdfred_1_n12FRing,0.0
1921,rdfred_1_NsssB,0.0
1922,product_n4aRing,0.0
1923,rdfred_2_MWC03,0.0
1924,rdfred_1_n10FaHRing,0.0
1925,rdfred_1_n7ARing,0.0
1926,rdfred_2_SsssP,0.0
1927,product_SdsssP,0.0
1928,rdfred_2_n8FRing,0.0
1929,product_SssSiH2,0.0
1930,product_n12FHRing,0.0
1931,rdfred_2_MWC02,0.0
1932,rdfred_2_n10FARing,0.0
1933,rdfred_2_n11FARing,0.0
1934,rdfred_1_SsssP,0.0
1935,rdfred_1_nBondsA,0.0
1936,product_n3AHRing,0.0
1937,rdfred_1_n7FHRing,0.0
1938,rdfred_1_MWC03,0.0
1939,rdfred_2_n10FRing,0.0
1940,product_n7aRing,0.0
1941,product_n8ARing,0.0
1942,rdfred_2_SssssGe,0.0
1943,rdfred_2_n8FaHRing,0.0
1944,rdfred_1_n12FHRing,0.0
1945,rdfred_2_nG12FARing,0.0
1946,rdfred_2_NsCl,0.0
1947,rdfred_1_naRing,0.0
1948,rdfred_2_NddssS,0.0
1949,rdfred_1_n8FHRing,0.0
1950,rdfred_2_nI,0.0
1951,product_NaaSe,0.0
1952,product_NsssP,0.0
1953,product_nG12Ring,0.0
1954,rdfred_1_n8FRing,0.0
1955,rdfred_2_NtN,0.0
1956,rdfred_1_NssssSi,0.0
1957,rdfred_1_n8HRing,0.0
1958,rdfred_2_ATS6d,0.0
1959,rdfred_2_SsOH,0.0
1960,rdfred_1_SsI,0.0
1961,product_nG12FHRing,0.0
1962,rdfred_1_n12AHRing,0.0
1963,product_n10FaHRing,0.0
1964,rdfred_1_NssBH,0.0
1965,rdfred_2_TIC4,0.0
1966,rdfred_1_n10FAHRing,0.0
1967,rdfred_2_n6aHRing,0.0
1968,product_VSA_EState5,0.0
1969,rdfred_2_NaaaC,0.0
1970,rdfred_1_n5FARing,0.0
1971,product_n5FARing,0.0
1972,rdfred_2_n4ARing,0.0
1973,rdfred_2_nFaHRing,0.0
1974,rdfred_2_nAcid,0.0
1975,rdfred_2_nFaRing,0.0
1976,product_n5aRing,0.0
1977,rdfred_1_n11FAHRing,0.0
1978,product_NsssAs,0.0
1979,rdfred_2_nFHRing,0.0
1980,product_nG12FaHRing,0.0
1981,rdfred_1_nAromBond,0.0
1982,product_n7FRing,0.0
1983,rdfred_2_n6FRing,0.0
1984,product_nAromBond,0.0
1985,rdfred_2_SRW05,0.0
1986,rdfred_2_NaaS,0.0
1987,rdfred_2_NsI,0.0
1988,rdfred_2_SdNH,0.0
1989,rdfred_1_SssBH,0.0
1990,rdfred_1_nBonds,0.0
1991,rdfred_2_MWC06,0.0
1992,rdfred_1_nG12FaHRing,0.0
1993,rdfred_1_NsBr,0.0
1994,product_NssO,0.0
1995,rdfred_1_NsssAs,0.0
1996,rdfred_2_n7Ring,0.0
1997,product_nCl,0.0
1998,rdfred_2_n3ARing,0.0
1999,rdfred_1_n5aRing,0.0
2000,rdfred_2_n6FARing,0.0
2001,rdfred_2_n4Ring,0.0
2002,product_nG12aHRing,0.0
2003,rdfred_2_n9FARing,0.0
